,tract,census tract,sup_dist,csa,spa,ESRI_OID,Shape__Area,Shape__Length,Total Woman 15-50,Women with births 12 Months,Total Population,Birth Rate,Fertility Rate,Low Birth Weight,Low Birth Weight Pctl,Average income,Grocery Store Access,Grocery Store Access Percent
0,6037199700,06037199700,District 1,Los Angeles - Wholesale District,SPA 4 - Metro,2347,10410497.46,13808.46324,678,23,3393,0.006778661951,0.03392330383,6.52,83.85,38892,0,0
0,6037199801,06037199801,District 1,Los Angeles - Lincoln Heights,SPA 4 - Metro,2348,3724106.854,9459.391827,911,85,3036,0.02799736495,0.09330406147,0,0,41027,0,0
0,6037199802,06037199802,District 1,Los Angeles - Lincoln Heights,SPA 4 - Metro,2349,3296128.605,8868.744225,458,15,2144,0.006996268657,0.0327510917,0,0,42500,0,0
0,6037199900,06037199900,District 1,Los Angeles - Lincoln Heights,SPA 4 - Metro,2350,4782360.923,10141.72802,573,10,2641,0.003786444529,0.01745200698,5.43,62.88,37232,0,0
0,6037201110,06037201110,District 1,Los Angeles - El Sereno,SPA 4 - Metro,2351,10992458.06,15893.38364,715,37,2332,0.01586620926,0.05174825175,7.08,90.67,65000,0,0
0,6037201120,06037201120,District 1,Los Angeles - El Sereno,SPA 4 - Metro,2352,8477293.326,13504.91777,886,38,4395,0.008646188851,0.04288939052,6.4,82.14,78750,0,0
0,6037201200,06037201200,District 1,Los Angeles - El Sereno,SPA 4 - Metro,2353,4612278.714,10208.95052,581,31,2362,0.01312447079,0.05335628227,6.61,85.17,49500,0,0
0,6037201301,06037201301,District 1,Los Angeles - El Sereno,SPA 4 - Metro,2354,9414202.778,18595.38854,672,24,3409,0.007040187738,0.03571428571,8.02,96.51,66658,0,0
0,6037201302,06037201302,District 1,Los Angeles - Highland Park,SPA 4 - Metro,2355,10671943.71,14894.76655,954,13,3882,0.003348789284,0.01362683438,4.06,28.07,102654,0,0
0,6037201401,06037201401,District 1,Los Angeles - El Sereno,SPA 4 - Metro,2356,14162701.11,15449.76247,1340,127,4701,0.02701552861,0.0947761194,6.14,77.94,53050,3,0.000620219
0,6037201402,06037201402,District 1,Los Angeles - El Sereno,SPA 4 - Metro,2357,20831565.22,18870.58277,821,38,4046,0.009391992091,0.04628501827,4.92,50.19,54137,878,0.203665043
0,6037201501,06037201501,District 1,Los Angeles - El Sereno,SPA 4 - Metro,2358,9520485.641,14185.08924,1345,77,4974,0.01548049859,0.05724907063,8.35,97.68,69153,0,0
0,6037201503,06037201503,District 1,Los Angeles - El Sereno,SPA 4 - Metro,2359,4712856.253,9121.14428,983,25,3059,0.008172605427,0.02543234995,5.72,69.35,50344,0,0
0,6037201504,06037201504,District 1,Los Angeles - El Sereno,SPA 4 - Metro,2360,3937450.052,9476.656464,639,15,2254,0.006654835847,0.0234741784,7.34,92.78,59167,0,0
0,6037201601,06037201601,District 1,Los Angeles - El Sereno,SPA 4 - Metro,2361,5989464.779,10928.04197,440,47,2183,0.02153000458,0.1068181818,10.24,99.65,47465,0,0
0,6037201602,06037201602,District 1,Los Angeles - El Sereno,SPA 4 - Metro,2362,11481095.91,18567.40448,606,15,2686,0.005584512286,0.02475247525,4.8,46.77,65625,0,0
0,6037201700,06037201700,District 1,Los Angeles - University Hills,SPA 4 - Metro,2363,18289606.43,20636.56683,1540,71,5055,0.01404549951,0.0461038961,5.96,74.39,64844,796,0.156292951
0,6037203100,06037203100,District 1,Los Angeles - Boyle Heights,SPA 4 - Metro,2364,7129819.722,11829.9124,1049,0,4688,0,0,5.08,54.62,39329,1203,0.248605084
0,6037203200,06037203200,District 1,Los Angeles - Boyle Heights,SPA 4 - Metro,2365,5493896.245,10209.55033,1229,198,4264,0.04643527205,0.1611065907,6.55,84.15,57031,0,0
0,6037203300,06037203300,District 1,Los Angeles - Boyle Heights,SPA 4 - Metro,2366,15937496.74,15581.48376,486,12,2280,0.005263157895,0.02469135802,6.16,78.36,41250,11,0.004219409
0,6037203500,06037203500,District 1,Los Angeles - Wholesale District,SPA 4 - Metro,2367,17896885.27,18825.82275,689,0,2751,0,0,6.02,75.56,40524,0,0
0,6037203601,06037203601,District 1,Los Angeles - Boyle Heights,SPA 4 - Metro,2368,3595069.32,12438.14153,575,17,2662,0.006386175808,0.02956521739,0,0,50345,0,0
0,6037203602,06037203602,District 1,Los Angeles - Boyle Heights,SPA 4 - Metro,2369,2435445.706,6781.753097,573,72,2124,0.03389830508,0.1256544503,0,0,53333,0,0
0,6037203710,06037203710,District 1,Los Angeles - Boyle Heights,SPA 4 - Metro,2370,3036028.593,7623.779313,947,0,3087,0,0,2.97,8.85,60978,0,0
0,6037203720,06037203720,District 1,Los Angeles - Boyle Heights,SPA 4 - Metro,2371,3456064.821,7965.718684,1065,57,3580,0.01592178771,0.05352112676,4.4,35.85,48684,0,0
0,6037203800,06037203800,District 1,Los Angeles - Boyle Heights,SPA 4 - Metro,2372,5236904.258,9426.913001,1485,52,4502,0.01155042203,0.03501683502,3.43,15.02,45000,0,0
0,6037203900,06037203900,District 1,Los Angeles - Boyle Heights,SPA 4 - Metro,2373,4820099.333,12064.04431,778,75,2611,0.02872462658,0.09640102828,4.84,47.96,59479,0,0
0,6037204110,06037204110,District 1,Los Angeles - Boyle Heights,SPA 4 - Metro,2374,6496519.905,10204.59609,863,7,2811,0.002490217005,0.008111239861,4.53,39.52,59067,0,0
0,6037204120,06037204120,District 1,Los Angeles - Boyle Heights,SPA 4 - Metro,2375,2822350.298,6970.228706,483,13,2368,0.005489864865,0.02691511387,4.66,42.8,60441,0,0
0,6037204200,06037204200,District 1,Los Angeles - Boyle Heights,SPA 4 - Metro,2376,3242329.508,7623.72919,906,27,3393,0.007957559682,0.0298013245,5.13,55.85,38919,0,0
0,6037204300,06037204300,District 1,Los Angeles - Boyle Heights,SPA 4 - Metro,2377,6926376.474,10887.97958,1337,57,4433,0.01285810963,0.04263275991,6.85,88.4,51359,0,0
0,6037204410,06037204410,District 1,Los Angeles - Boyle Heights,SPA 4 - Metro,2378,3196327.399,7592.69194,543,2,2174,0.0009199632015,0.003683241252,4.38,35.39,63214,0,0
0,6037204420,06037204420,District 1,Los Angeles - Boyle Heights,SPA 4 - Metro,2379,3252575.081,7655.412427,736,40,2870,0.01393728223,0.05434782609,6.29,80.16,32993,0,0
0,6037204600,06037204600,District 1,Los Angeles - Boyle Heights,SPA 4 - Metro,2380,6201551.645,12222.88796,984,43,3740,0.0114973262,0.04369918699,5.22,58.02,33587,0,0
0,6037204700,06037204700,District 1,Los Angeles - Boyle Heights,SPA 4 - Metro,2381,10907423.23,13331.46153,1216,30,4632,0.006476683938,0.02467105263,5.81,71.26,59735,0,0
0,6037204810,06037204810,District 1,Los Angeles - Boyle Heights,SPA 4 - Metro,2382,8327932.845,11953.62,1248,30,5166,0.005807200929,0.02403846154,6.67,86.03,46964,0,0
0,6037204820,06037204820,District 1,Los Angeles - Boyle Heights,SPA 4 - Metro,2383,3446622.072,8345.427607,618,15,2055,0.007299270073,0.02427184466,4.91,49.91,49375,0,0
0,6037204910,06037204910,District 1,Los Angeles - Boyle Heights,SPA 4 - Metro,2384,5538623.95,9616.40759,695,56,3184,0.0175879397,0.08057553957,3.98,26.07,40313,0,0
0,6037204920,06037204920,District 1,Los Angeles - Boyle Heights,SPA 4 - Metro,2385,9771951.948,12570.57535,602,51,2537,0.02010248325,0.08471760797,7.11,90.89,59345,0,0
0,6037205110,06037205110,District 1,Los Angeles - Boyle Heights,SPA 4 - Metro,2386,2956008.295,9068.867215,911,23,3850,0.005974025974,0.02524698134,5.68,68.54,47194,0,0
0,6037205120,06037205120,District 1,Los Angeles - Boyle Heights,SPA 4 - Metro,2387,15952710.96,19218.25358,999,68,3858,0.0176257128,0.06806806807,5.88,72.85,29804,0,0
0,6037206010,06037206010,District 1,Los Angeles - Wholesale District,SPA 4 - Metro,2388,15714297.73,20599.43119,1204,106,3335,0.03178410795,0.08803986711,8.02,96.51,41395,0,0
0,6037206020,06037206020,District 1,Los Angeles - Wholesale District,SPA 4 - Metro,2389,9395603.394,11938.55636,195,0,5577,0,0,,,105972,0,0
0,6037206050,06037206050,District 1,Los Angeles - Wholesale District,SPA 4 - Metro,2390,19183090.33,25485.7002,612,43,2312,0.01859861592,0.07026143791,10.32,99.7,35795,0,0
0,6037206051,06037206051,District 1,Los Angeles - Wholesale District,SPA 4 - Metro,2477,40408764.94,29476.26196,533,0,2591,0,0,0,0,119453,6,0.002574003
0,6037206052,06037206052,District 1,Los Angeles - Wholesale District,SPA 4 - Metro,2478,9776925.704,13446.59477,1318,39,3296,0.01183252427,0.02959028832,0,0,99241,2,0.003460208
0,6037206053,06037206053,District 1,Los Angeles - Wholesale District,SPA 4 - Metro,2479,6331758.787,10803.13034,746,16,3261,0.004906470408,0.02144772118,0,0,28693,0,0
0,6037206054,06037206054,District 1,Los Angeles - Wholesale District,SPA 4 - Metro,2480,4502153.559,9300.340514,761,22,2670,0.008239700375,0.02890932983,0,0,39647,0,0
0,6037206201,06037206201,District 1,Los Angeles - Little Tokyo,SPA 4 - Metro,2481,2156821.986,6937.901771,512,0,2647,0,0,0,0,38786,0,0
0,6037206202,06037206202,District 1,Los Angeles - Little Tokyo,SPA 4 - Metro,2482,4114009.19,9646.074276,358,11,3035,0.003624382208,0.03072625698,0,0,12344,0,0
0,6037206301,06037206301,District 1,Los Angeles - Wholesale District,SPA 4 - Metro,2483,1467235.076,4941.872097,174,22,2074,0.0106075217,0.1264367816,0,0,11153,0,0
0,6037206302,06037206302,District 1,Los Angeles - Wholesale District,SPA 4 - Metro,2484,483653.2412,3603.263688,597,65,1375,0.04727272727,0.1088777219,0,0,7193,0,0
0,6037206303,06037206303,District 1,Los Angeles - Wholesale District,SPA 4 - Metro,2485,4692073.156,10612.52856,466,0,2858,0,0,0,0,4918,0,0
0,6037207101,06037207101,District 1,Los Angeles - Chinatown,SPA 4 - Metro,2486,3165333.106,7693.962372,1227,131,3233,0.0405196412,0.1067644662,2.62,5.49,51544,0,0
0,6037207102,06037207102,District 1,Los Angeles - Chinatown,SPA 4 - Metro,2487,4502100.257,9892.578697,839,20,3374,0.005927682276,0.02383790226,7.46,93.56,30564,0,0
0,6037207103,06037207103,District 1,Los Angeles - Chinatown,SPA 4 - Metro,2488,3388155.936,9522.763573,506,0,2099,0,0,6.19,78.86,33487,0,0
0,6037207303,06037207303,District 1,Los Angeles - Downtown,SPA 4 - Metro,2489,1888040.552,5575.259069,599,0,2311,0,0,0,0,39113,0,0
0,6037207304,06037207304,District 1,Los Angeles - Downtown,SPA 4 - Metro,2490,541446.2529,3459.976863,413,0,2124,0,0,0,0,11430,0,0
0,6037207305,06037207305,District 1,Los Angeles - Downtown,SPA 4 - Metro,2491,2182714.78,8262.43864,246,0,1181,0,0,0,0,72330,0,0
0,6037207306,06037207306,District 1,Los Angeles - Downtown,SPA 4 - Metro,2492,1736073.656,5646.000822,667,0,2227,0,0,0,0,38305,0,0
0,6037207307,06037207307,District 1,Los Angeles - Downtown,SPA 4 - Metro,2493,527160.0469,2910.616691,400,0,1160,0,0,0,0,12283,0,0
0,6037207308,06037207308,District 1,Los Angeles - Downtown,SPA 4 - Metro,2494,492573.751,2815.257443,547,0,1407,0,0,0,0,93226,0,0
0,6037207400,06037207400,District 1,Los Angeles - Downtown,SPA 4 - Metro,2495,9422939.104,15058.8006,559,0,2002,0,0,,,93036,0,0
0,6037207501,06037207501,District 1,Los Angeles - Downtown,SPA 4 - Metro,2496,1460154.432,4739.840356,664,33,2489,0.01325833668,0.04969879518,5.21,57.72,71628,0,0
0,6037207502,06037207502,District 1,Los Angeles - Downtown,SPA 4 - Metro,2497,4463490.012,9079.039955,597,11,4113,0.002674446876,0.01842546064,7.69,95.16,17989,0,0
0,6037207711,06037207711,District 1,Los Angeles - Downtown,SPA 4 - Metro,2498,7428549.182,14671.25667,672,15,2280,0.006578947368,0.02232142857,0,0,121477,0,0
0,6037207712,06037207712,District 1,Los Angeles - Downtown,SPA 4 - Metro,2499,4383784.372,9437.955472,1571,74,4737,0.0156217015,0.04710375557,0,0,77213,0,0
0,6037207901,06037207901,District 1,Los Angeles - Downtown,SPA 4 - Metro,2500,2128884.62,6828.323144,869,0,3645,0,0,0,0,68333,0,0
0,6037207902,06037207902,District 1,Los Angeles - Downtown,SPA 4 - Metro,2501,7634284.114,11075.60027,2835,95,7405,0.01282916948,0.03350970018,0,0,106206,0,0
0,6037208001,06037208001,District 1,Los Angeles - Temple-Beaudry,SPA 4 - Metro,2502,6277025.371,11140.08552,892,0,2494,0,0,0,0,73553,0,0
0,6037208002,06037208002,District 1,Los Angeles - Temple-Beaudry,SPA 4 - Metro,2503,4063649.021,8994.419852,1070,54,4113,0.01312910284,0.05046728972,0,0,37443,0,0
0,6037208301,06037208301,District 1,Los Angeles - Temple-Beaudry,SPA 4 - Metro,2504,1059097.596,5122.536346,520,28,1878,0.01490947817,0.05384615385,5.38,61.71,50054,0,0
0,6037208302,06037208302,District 1,Los Angeles - Historic Filipinotown,SPA 4 - Metro,2505,4716446.304,9773.07262,1481,88,4560,0.01929824561,0.05941931128,6.91,88.95,45194,0,0
0,6037208401,06037208401,District 1,Los Angeles - Temple-Beaudry,SPA 4 - Metro,2506,2469648.369,6288.091978,956,11,3832,0.002870563674,0.01150627615,4.22,31.67,44943,0,0
0,6037208402,06037208402,District 1,Los Angeles - Historic Filipinotown,SPA 4 - Metro,2507,3704274.592,8618.234565,743,57,2590,0.02200772201,0.07671601615,4.72,44.47,50446,0,0
0,6037208501,06037208501,District 1,Los Angeles - Historic Filipinotown,SPA 4 - Metro,2508,2614754.837,6561.528141,751,14,2283,0.006132282085,0.01864181092,2.1,2.35,62750,0,0
0,6037208502,06037208502,District 1,Los Angeles - Temple-Beaudry,SPA 4 - Metro,2509,2796254.319,6766.576918,1099,55,3540,0.01553672316,0.05004549591,7.66,94.92,42129,0,0
0,6037208610,06037208610,District 1,Los Angeles - Historic Filipinotown,SPA 4 - Metro,2510,3802019.996,8257.266395,1172,127,3878,0.03274883961,0.1083617747,6.09,77.05,58125,0,0
0,6037208620,06037208620,District 1,Los Angeles - Temple-Beaudry,SPA 4 - Metro,2511,3490954.759,8191.681167,1239,90,4052,0.0222112537,0.07263922518,8.06,96.72,52391,0,0
0,6037208710,06037208710,District 1,Los Angeles - Westlake,SPA 4 - Metro,2512,1824918.229,5646.281765,1272,0,4147,0,0,3.9,24.31,58788,0,0
0,6037208720,06037208720,District 1,Los Angeles - Westlake,SPA 4 - Metro,2513,1753988.314,6905.126175,1100,0,3810,0,0,6.81,87.77,33458,0,0
0,6037208801,06037208801,District 1,Los Angeles - Westlake,SPA 4 - Metro,2514,2902686.711,7792.473191,910,30,3566,0.008412787437,0.03296703297,6.32,80.73,40704,0,0
0,6037208802,06037208802,District 1,Los Angeles - Westlake,SPA 4 - Metro,2515,2279363.023,7692.527836,725,116,2942,0.03942895989,0.16,7.66,94.92,39400,0,0
0,6037208902,06037208902,District 1,Los Angeles - Westlake,SPA 4 - Metro,2516,1980055.598,5658.493038,591,41,2570,0.01595330739,0.06937394247,6.98,89.65,35313,0,0
0,6037208903,06037208903,District 1,Los Angeles - Westlake,SPA 4 - Metro,2517,1714545.078,7038.479644,732,10,3888,0.002572016461,0.01366120219,4.72,44.47,42285,0,0
0,6037208904,06037208904,District 1,Los Angeles - Westlake,SPA 4 - Metro,2518,1224138.453,4504.137119,696,71,3882,0.01828954147,0.1020114943,5.81,71.26,22961,0,0
0,6037209103,06037209103,District 1,Los Angeles - Westlake,SPA 4 - Metro,2519,1337574.158,4685.369347,932,64,3079,0.02078596947,0.0686695279,7.01,90.02,29056,0,0
0,6037209104,06037209104,District 1,Los Angeles - Westlake,SPA 4 - Metro,2607,735766.4385,3760.813998,627,10,2380,0.004201680672,0.01594896332,6.25,79.73,28088,0,0
0,6037209105,06037209105,District 1,Los Angeles - Westlake,SPA 4 - Metro,2608,892285.9023,3984.962068,601,119,2665,0.04465290807,0.1980033278,0,0,28156,0,0
0,6037209106,06037209106,District 1,Los Angeles - Westlake,SPA 4 - Metro,2609,2381529.056,6257.329915,756,58,2632,0.02203647416,0.07671957672,0,0,37067,0,0
0,6037209201,06037209201,District 1,Los Angeles - Westlake,SPA 4 - Metro,2610,1818530.864,5562.088306,1144,0,2852,0,0,0,0,83313,0,0
0,6037209202,06037209202,District 1,Los Angeles - Westlake,SPA 4 - Metro,2611,2667667.431,6511.253069,459,26,1234,0.02106969206,0.05664488017,0,0,36188,0,0
0,6037209300,06037209300,District 1,Los Angeles - Westlake,SPA 4 - Metro,2612,3296967.586,7931.18045,1357,102,4712,0.02164685908,0.07516580693,7.94,96.18,30540,0,0
0,6037209401,06037209401,District 1,Los Angeles - Westlake,SPA 4 - Metro,2613,2323375.792,6370.637612,890,1,4163,0.000240211386,0.001123595506,6.65,85.77,30970,0,0
0,6037209402,06037209402,District 1,Los Angeles - Westlake,SPA 4 - Metro,2614,1466622.382,4849.886726,876,123,4056,0.03032544379,0.1404109589,6.99,89.8,37388,0,0
0,6037209403,06037209403,District 1,Los Angeles - Westlake,SPA 4 - Metro,2615,1487585.052,4882.443192,990,0,3850,0,0,5.83,71.64,22259,0,0
0,6037209510,06037209510,District 1,Los Angeles - Pico-Union,SPA 4 - Metro,2616,1963614.684,5807.605825,638,3,2813,0.001066477071,0.004702194357,6.56,84.31,32361,0,0
0,6037209520,06037209520,District 1,Los Angeles - Pico-Union,SPA 4 - Metro,2617,2499111.244,6466.563304,707,40,2648,0.01510574018,0.05657708628,7.6,94.56,35395,0,0
0,6037209810,06037209810,District 1,Los Angeles - Pico-Union,SPA 4 - Metro,2618,1660660.461,5390.00072,528,63,2385,0.02641509434,0.1193181818,4.76,45.87,32321,0,0
0,6037209820,06037209820,District 1,Los Angeles - Pico-Union,SPA 4 - Metro,2619,1936268.193,5687.974114,653,22,2732,0.008052708638,0.0336906585,7.67,94.97,36500,0,0
0,6037210010,06037210010,District 1,Los Angeles - Pico-Union,SPA 4 - Metro,2620,4448567.779,8896.547478,813,10,3190,0.003134796238,0.012300123,4.19,31.08,30703,0,0
0,6037211000,06037211000,District 2,Los Angeles - Hancock Park,SPA 4 - Metro,2621,28608477.82,25105.85213,1301,29,5268,0.005504935459,0.02229054573,3.32,13.24,135612,0,0
0,6037211121,06037211121,District 2,Los Angeles - Wilshire Center,SPA 4 - Metro,2622,2315992.818,7544.02039,971,15,2431,0.006170300288,0.01544799176,3.2,11.37,65912,0,0
0,6037211122,06037211122,District 2,Los Angeles - Wilshire Center,SPA 4 - Metro,2623,3930365.132,8273.446548,871,9,2877,0.003128258603,0.01033295063,6.7,86.54,51484,0,0
0,6037211123,06037211123,District 2,Los Angeles - Wilshire Center,SPA 4 - Metro,2624,1850526.14,6797.212181,637,0,2097,0,0,0,0,64348,0,0
0,6037211124,06037211124,District 2,Los Angeles - Wilshire Center,SPA 4 - Metro,2625,4228641.481,8167.548078,1141,36,4070,0.008845208845,0.03155127082,0,0,53055,0,0
0,6037211201,06037211201,District 2,Los Angeles - Wilshire Center,SPA 4 - Metro,2626,1501881.869,4915.684313,580,12,2538,0.004728132388,0.02068965517,5.56,65.83,52223,0,0
0,6037211202,06037211202,District 2,Los Angeles - Wilshire Center,SPA 4 - Metro,2627,1927075.493,5559.421455,660,10,2693,0.003713330858,0.01515151515,6.07,76.64,42389,0,0
0,6037211310,06037211310,District 2,Los Angeles - Wilshire Center,SPA 4 - Metro,2628,1549860.715,4995.205104,795,23,3603,0.006383569248,0.02893081761,6.0,75.12,44545,0,0
0,6037211320,06037211320,District 2,Los Angeles - Wilshire Center,SPA 4 - Metro,2629,2004122.247,5671.305411,939,0,2899,0,0,10.16,99.6,33247,0,0
0,6037211410,06037211410,District 2,Los Angeles - Wilshire Center,SPA 4 - Metro,2630,2915308.277,7500.754606,615,12,2956,0.004059539919,0.01951219512,6.84,88.23,51921,0,0
0,6037211420,06037211420,District 2,Los Angeles - Wilshire Center,SPA 4 - Metro,2631,4101420.132,8393.562243,909,166,3479,0.04771486059,0.1826182618,5.4,62.11,48333,0,0
0,6037211500,06037211500,District 2,Los Angeles - Hancock Park,SPA 4 - Metro,2632,9760679.48,13076.57339,879,27,4230,0.006382978723,0.03071672355,4.53,39.52,61538,0,0
0,6037211701,06037211701,District 2,Los Angeles - Hancock Park,SPA 4 - Metro,2633,7007753.876,10536.05785,603,23,2733,0.008415660446,0.03814262023,4.43,36.66,66563,0,0
0,6037211703,06037211703,District 2,Los Angeles - Wilshire Center,SPA 4 - Metro,2634,1986718.893,5648.97182,1326,101,4716,0.02141645462,0.07616892911,7.23,91.87,51299,0,0
0,6037211704,06037211704,District 2,Los Angeles - Wilshire Center,SPA 4 - Metro,2635,1990668.861,5698.519763,642,18,2941,0.006120367222,0.02803738318,3.55,17.21,39875,0,0
0,6037211802,06037211802,District 2,Los Angeles - Little Bangladesh,SPA 4 - Metro,2636,3502571.777,7938.570623,1397,41,4893,0.008379317392,0.02934860415,5.79,70.81,45120,0,0
0,6037211803,06037211803,District 2,Los Angeles - Little Bangladesh,SPA 4 - Metro,2637,1501763.785,4915.856574,1087,22,3602,0.006107717934,0.02023919043,3.08,10.06,54922,0,0
0,6037211804,06037211804,District 2,Los Angeles - Little Bangladesh,SPA 4 - Metro,2638,2001589.043,5672.182614,859,6,3247,0.001847859563,0.006984866123,5.28,59.31,41843,0,0
0,6037211910,06037211910,District 2,Los Angeles - Little Bangladesh,SPA 4 - Metro,2639,1484978.667,4890.398949,1043,25,4223,0.005919962112,0.02396931927,4.46,37.58,54675,0,0
0,6037211921,06037211921,District 2,Los Angeles - Little Bangladesh,SPA 4 - Metro,2640,997424.3301,4152.132568,529,58,2447,0.02370249285,0.1096408318,5.98,74.7,37375,0,0
0,6037211922,06037211922,District 2,Los Angeles - Little Bangladesh,SPA 4 - Metro,2641,999743.7441,4155.338167,1227,39,3182,0.01225644249,0.03178484108,6.21,79.19,48036,0,0
0,6037212101,06037212101,District 2,Los Angeles - Little Bangladesh,SPA 4 - Metro,2642,1999890.327,5670.097463,836,0,3146,0,0,3.33,13.5,50640,0,0
0,6037212102,06037212102,District 2,Los Angeles - Little Bangladesh,SPA 4 - Metro,2643,1492508.618,4902.631746,719,45,2579,0.0174486235,0.06258692629,6.63,85.46,31864,0,0
0,6037212202,06037212202,District 2,Los Angeles - Wilshire Center,SPA 4 - Metro,2644,2225899.926,6481.887987,795,27,3364,0.008026159334,0.03396226415,5.14,56.12,36920,0,0
0,6037212203,06037212203,District 2,Los Angeles - Wilshire Center,SPA 4 - Metro,2645,1141073.354,4500.610378,771,0,3216,0,0,8.53,98.09,32750,0,0
0,6037212204,06037212204,District 2,Los Angeles - Wilshire Center,SPA 4 - Metro,2646,2300387.561,6142.686441,1134,0,3227,0,0,7.96,96.24,33259,0,0
0,6037212303,06037212303,District 2,Los Angeles - Koreatown,SPA 4 - Metro,2647,1675272.862,5219.253902,1169,47,3486,0.01348250143,0.04020530368,3.31,13.14,41328,0,0
0,6037212304,06037212304,District 2,Los Angeles - Koreatown,SPA 4 - Metro,2648,2218468.734,6304.991861,477,16,1738,0.00920598389,0.03354297694,6.43,82.61,31197,0,0
0,6037212305,06037212305,District 2,Los Angeles - Koreatown,SPA 4 - Metro,2649,1168773.146,4355.764526,732,42,2533,0.0165811291,0.05737704918,4.32,34.18,32557,0,0
0,6037212306,06037212306,District 2,Los Angeles - Koreatown,SPA 4 - Metro,2757,1742806.878,5316.960787,636,39,2793,0.01396348013,0.06132075472,4.98,51.82,37466,0,0
0,6037212410,06037212410,District 2,Los Angeles - Koreatown,SPA 4 - Metro,2758,1687088.938,5550.262489,1080,22,3560,0.006179775281,0.02037037037,2.24,3.03,45114,0,0
0,6037212420,06037212420,District 2,Los Angeles - Koreatown,SPA 4 - Metro,2759,1538332.868,4954.122473,830,67,2875,0.02330434783,0.08072289157,4.33,34.39,45465,0,0
0,6037212501,06037212501,District 2,Los Angeles - Koreatown,SPA 4 - Metro,2760,856375.3359,3804.123564,636,0,1944,0,0,3.45,15.36,44797,0,0
0,6037212502,06037212502,District 2,Los Angeles - Koreatown,SPA 4 - Metro,2761,3069436.973,8256.676374,1024,30,3363,0.008920606601,0.029296875,3.01,9.33,53900,0,0
0,6037212610,06037212610,District 2,Los Angeles - Koreatown,SPA 4 - Metro,2762,3837077.169,8373.506661,1286,49,4049,0.01210175352,0.03810264386,3.32,13.24,51920,0,0
0,6037212620,06037212620,District 2,Los Angeles - Koreatown,SPA 4 - Metro,2763,3112104.208,7947.75922,955,58,4111,0.01410848942,0.06073298429,4.24,32.27,45464,0,0
0,6037212701,06037212701,District 2,Los Angeles - Country Club Park,SPA 4 - Metro,2764,5137695.229,10446.12242,451,5,2487,0.002010454363,0.0110864745,10.09,99.58,59196,0,0
0,6037212702,06037212702,District 2,Los Angeles - Country Club Park,SPA 4 - Metro,2765,9432433.528,13436.74067,648,12,3687,0.0032546786,0.01851851852,5.19,57.39,86750,0,0
0,6037212800,06037212800,District 2,Los Angeles - Country Club Park,SPA 4 - Metro,2766,8454048.389,11698.38976,768,37,4121,0.0089784033,0.04817708333,5.42,62.61,50053,0,0
0,6037212900,06037212900,District 2,Los Angeles - Country Club Park,SPA 4 - Metro,2767,3940299.25,8740.439585,992,39,3721,0.01048105348,0.03931451613,2.98,8.93,43788,0,0
0,6037213100,06037213100,District 2,Los Angeles - Koreatown,SPA 4 - Metro,2768,5781514.454,10486.30028,636,0,2507,0,0,5.77,70.36,42250,0,0
0,6037213201,06037213201,District 2,Los Angeles - Koreatown,SPA 4 - Metro,2769,3589230.659,8182.676888,1214,30,4330,0.006928406467,0.02471169687,4.85,48.27,35829,0,0
0,6037213202,06037213202,District 2,Los Angeles - Koreatown,SPA 4 - Metro,2770,3637201.032,8141.435081,1015,76,3679,0.02065778744,0.07487684729,5.65,67.92,38147,0,0
0,6037213310,06037213310,District 2,Los Angeles - Koreatown,SPA 4 - Metro,2771,3346140.252,7793.971041,733,0,3323,0,0,7.72,95.21,52724,0,0
0,6037213320,06037213320,District 2,Los Angeles - Koreatown,SPA 4 - Metro,2772,3380926.981,7845.38107,600,7,3006,0.002328675981,0.01166666667,6.37,81.7,27127,0,0
0,6037213401,06037213401,District 2,Los Angeles - Pico-Union,SPA 4 - Metro,2773,2108256.961,6326.463376,1162,82,4806,0.01706200583,0.07056798623,3.5,16.22,36333,0,0
0,6037213402,06037213402,District 2,Los Angeles - Pico-Union,SPA 4 - Metro,2774,4220536.427,8304.775772,1510,22,5119,0.004297714397,0.01456953642,4.47,37.88,43603,0,0
0,6037214000,06037214000,District 3,Los Angeles - Melrose,SPA 4 - Metro,2775,10878898.99,13349.83203,787,19,3808,0.004989495798,0.02414231258,4.43,36.66,146923,0,0
0,6037214100,06037214100,District 2,Los Angeles - Hancock Park,SPA 4 - Metro,2776,11954015.66,14119.43583,945,25,4111,0.006081245439,0.02645502646,4.78,46.29,103901,0,0
0,6037214400,06037214400,District 3,Los Angeles - Melrose,SPA 4 - Metro,2777,3705387.516,7957.455978,1201,26,2980,0.008724832215,0.02164862614,4.81,47.1,83314,0,0
0,6037214501,06037214501,District 2,Los Angeles - Park La Brea,SPA 4 - Metro,2778,8104648.127,13972.62344,1159,32,3104,0.01030927835,0.02761000863,4.74,45.06,95861,0,0
0,6037214503,06037214503,District 2,Los Angeles - Park La Brea,SPA 4 - Metro,2779,2452371.028,6833.362906,962,21,3495,0.006008583691,0.02182952183,5.86,72.32,76131,0,0
0,6037214504,06037214504,District 2,Los Angeles - Park La Brea,SPA 4 - Metro,2780,1310617.075,5783.538301,1212,54,3871,0.01394988375,0.04455445545,0,0,67083,0,0
0,6037214505,06037214505,District 2,Los Angeles - Park La Brea,SPA 4 - Metro,2781,1510257.356,6781.700024,558,0,1817,0,0,0,0,63000,0,0
0,6037214600,06037214600,District 3,Los Angeles - Carthay,SPA 4 - Metro,2782,6255496.017,10110.46669,695,46,2600,0.01769230769,0.06618705036,2.94,8.6,113512,0,0
0,6037214700,06037214700,District 3,Los Angeles - Carthay,SPA 4 - Metro,2783,6384452.137,10225.82031,533,12,2731,0.004393994874,0.02251407129,5.46,63.54,107692,0,0
0,6037214800,06037214800,District 3,Los Angeles - Carthay,SPA 4 - Metro,2784,6204448.755,11233.31398,795,60,2843,0.02110446711,0.07547169811,4.55,39.89,100573,0,0
0,6037214902,06037214902,District 3,Los Angeles - Carthay,SPA 4 - Metro,2785,5572430.15,9450.679172,746,81,2668,0.03035982009,0.1085790885,3.28,12.59,101399,0,0
0,6037214903,06037214903,District 3,Los Angeles - Carthay,SPA 4 - Metro,2786,1465902.784,5280.136711,464,0,1542,0,0,0,0,58750,0,0
0,6037214904,06037214904,District 3,Los Angeles - Carthay,SPA 4 - Metro,2787,1828968.399,5357.674288,469,0,1696,0,0,0,0,71036,0,0
0,6037215101,06037215101,District 2,Los Angeles - Miracle Mile,SPA 4 - Metro,2788,3809331.648,10263.4839,1222,25,2614,0.009563886764,0.02045826514,6.33,80.99,68148,0,0
0,6037215102,06037215102,District 2,Los Angeles - Miracle Mile,SPA 4 - Metro,2789,2874435.639,7853.989229,1267,11,3123,0.003522254243,0.008681925809,4.07,28.36,76221,0,0
0,6037216100,06037216100,District 2,Los Angeles - Miracle Mile,SPA 4 - Metro,2790,7258622.613,11137.22826,485,0,2465,0,0,4.85,48.27,120526,0,0
0,6037216201,06037216201,District 2,Los Angeles - Miracle Mile,SPA 4 - Metro,2791,4885807.69,10090.45657,757,13,2701,0.00481303221,0.01717305152,0,0,102254,0,0
0,6037216202,06037216202,District 2,Los Angeles - Miracle Mile,SPA 4 - Metro,2792,5435377.364,10155.33577,808,42,2838,0.01479915433,0.05198019802,0,0,91281,0,0
0,6037216301,06037216301,District 2,Los Angeles - Miracle Mile,SPA 4 - Metro,2793,6049546.787,11309.81632,204,13,1374,0.009461426492,0.0637254902,0,0,,0,0
0,6037216302,06037216302,District 2,Los Angeles - Miracle Mile,SPA 4 - Metro,2794,7612845.067,11326.86204,996,46,3551,0.01295409744,0.04618473896,0,0,83417,0,0
0,6037216700,06037216700,District 2,Los Angeles - Crestview,SPA 4 - Metro,2797,8359985.127,11708.38862,980,34,3938,0.008633824276,0.03469387755,3.82,22.4,105455,0,0
0,6037216800,06037216800,District 2,Los Angeles - South Carthay,SPA 4 - Metro,2798,7970666.101,11541.43513,915,38,3566,0.01065619742,0.04153005464,5.26,59.19,111929,0,0
0,6037216901,06037216901,District 2,Los Angeles - Mid-city,SPA 4 - Metro,2799,7529393.079,12049.57402,672,0,2888,0,0,0,0,84102,0,0
0,6037216902,06037216902,District 2,Los Angeles - Mid-city,SPA 4 - Metro,2929,4207215.775,9158.065431,722,11,2331,0.004719004719,0.01523545706,0,0,95337,0,0
0,6037217101,06037217101,District 2,Los Angeles - Mid-city,SPA 4 - Metro,2932,4274959.882,9355.779926,609,1,2520,0.0003968253968,0.001642036125,0,0,85294,0,0
0,6037217102,06037217102,District 2,Los Angeles - Mid-city,SPA 4 - Metro,2933,5389199.599,9500.850443,840,46,2930,0.0156996587,0.05476190476,0,0,67212,0,0
0,6037217200,06037217200,District 2,Los Angeles - Mid-city,SPA 4 - Metro,2934,9910637.518,15000.92524,893,31,3887,0.00797530229,0.03471444569,5.47,63.77,60250,0,0
0,6037218110,06037218110,District 2,Los Angeles - Victoria Park,SPA 4 - Metro,2935,6462720.51,12750.58451,992,53,3120,0.01698717949,0.05342741935,3.94,25.21,39335,0,0
0,6037218120,06037218120,District 2,Los Angeles - Victoria Park,SPA 4 - Metro,2936,4789315.242,8883.841242,1028,31,4250,0.007294117647,0.03015564202,5.85,72.08,33902,0,0
0,6037218210,06037218210,District 2,Los Angeles - St Elmo Village,SPA 4 - Metro,2937,4174755.21,8767.262446,920,11,3951,0.00278410529,0.01195652174,5.83,71.64,38207,0,0
0,6037218220,06037218220,District 2,Los Angeles - Lafayette Square,SPA 4 - Metro,2938,7202036.963,11673.24427,782,16,4123,0.003880669415,0.02046035806,5.25,58.79,73455,0,0
0,6037218300,06037218300,District 2,Los Angeles - Cloverdale/Cochran,SPA 4 - Metro,2939,9721211.265,17303.9296,1504,55,5206,0.010564733,0.03656914894,5.3,59.76,59149,0,0
0,6037221110,06037221110,District 1,Los Angeles - Pico-Union,SPA 4 - Metro,2957,2543189.478,6917.142183,943,0,3289,0,0,5.41,62.39,34261,0,0
0,6037221120,06037221120,District 1,Los Angeles - Pico-Union,SPA 4 - Metro,2958,3461839.033,7508.702186,769,0,3030,0,0,6.73,87.02,44265,0,0
0,6037221210,06037221210,District 2,Los Angeles - Harvard Heights,SPA 4 - Metro,2959,3886574.75,8400.448346,736,44,2917,0.0150839904,0.0597826087,6.48,83.31,53453,0,0
0,6037221220,06037221220,District 2,Los Angeles - Harvard Heights,SPA 4 - Metro,2960,7061620.8,10517.00659,744,29,3143,0.009226853325,0.03897849462,6.51,83.69,52623,0,0
0,6037221302,06037221302,District 2,Los Angeles - Harvard Heights,SPA 4 - Metro,2961,4979090.126,10182.99783,1111,14,4330,0.003233256351,0.01260126013,6.39,82.04,33873,0,0
0,6037221303,06037221303,District 2,Los Angeles - Harvard Heights,SPA 4 - Metro,2962,2529230.908,6479.802078,738,34,2384,0.01426174497,0.0460704607,6.83,88.09,34643,0,0
0,6037221304,06037221304,District 2,Los Angeles - Harvard Heights,SPA 4 - Metro,2963,2439438.5,6306.027579,872,74,3032,0.02440633245,0.08486238532,6.57,84.53,47604,0,0
0,6037224010,06037224010,District 1,Los Angeles - Downtown,SPA 4 - Metro,3109,8935641.598,13793.16181,983,15,3621,0.004142502071,0.01525940997,5.74,69.68,36604,0,0
0,6037224020,06037224020,District 1,Los Angeles - Downtown,SPA 4 - Metro,3110,13274685.4,15194.74541,770,129,3231,0.03992571959,0.1675324675,5.99,74.9,32713,0,0
0,6037224200,06037224200,District 1,Los Angeles - Pico-Union,SPA 4 - Metro,3111,4048361.072,8617.785777,629,0,2385,0,0,7.62,94.71,36071,0,0
0,6037224310,06037224310,District 1,Los Angeles - Pico-Union,SPA 4 - Metro,3112,1829472.242,6639.978812,445,46,2090,0.02200956938,0.1033707865,4.02,27.12,42417,0,0
0,6037224320,06037224320,District 1,Los Angeles - Pico-Union,SPA 4 - Metro,3113,3148559.907,8337.933606,853,42,2962,0.01417960837,0.04923798359,5.97,74.52,16471,0,0
0,6037226001,06037226001,District 1,Los Angeles - Wholesale District,SPA 4 - Metro,3119,11262506.09,19000.49175,678,25,2632,0.009498480243,0.03687315634,5.24,58.56,34444,0,0
0,6037226002,06037226002,District 1,Los Angeles - Wholesale District,SPA 4 - Metro,3120,27454967.1,21360.59037,671,12,3587,0.003345413995,0.01788375559,5.83,71.64,37147,0,0
0,6037700101,06037700101,District 3,City of West Hollywood,SPA 4 - Metro,3548,7248139.885,13591.47643,1760,33,5785,0.005704407952,0.01875,2.99,9.08,70045,0,0
0,6037700102,06037700102,District 3,City of West Hollywood,SPA 4 - Metro,3549,5302940.472,13535.34196,1551,0,4448,0,0,2.86,7.66,37014,0,0
0,6037700200,06037700200,District 3,City of West Hollywood,SPA 4 - Metro,3550,7381573.278,13007.77949,1823,0,6602,0,0,3.06,9.85,74605,0,0
0,6037700300,06037700300,District 3,City of West Hollywood,SPA 4 - Metro,3551,6449915.854,13744.73659,1415,23,5754,0.003997219326,0.01625441696,3.55,17.21,80381,0,0
0,6037700400,06037700400,District 3,City of West Hollywood,SPA 4 - Metro,3552,14273444.22,20695.86247,1231,43,5140,0.008365758755,0.03493095045,3.59,17.98,82308,0,0
0,6037700501,06037700501,District 3,City of West Hollywood,SPA 4 - Metro,3553,6428353.161,14556.38308,938,26,3586,0.007250418293,0.02771855011,3.48,15.87,69477,0,0
0,6037700502,06037700502,District 3,City of West Hollywood,SPA 4 - Metro,3554,5454767.544,10628.07362,1005,21,4442,0.00472760018,0.02089552239,6.12,77.55,83971,0,0
0,6037530700,06037530700,District 1,Unincorporated - East Los Angeles,SPA 4 - Metro,3873,11206081.37,17515.60632,604,6,2175,0.00275862069,0.009933774834,5.8,71.03,62841,0,0
0,6037270300,06037270300,District 2,Los Angeles - Faircrest Heights,SPA 4 - Metro,3981,10522641.7,13635.12891,623,0,2651,0,0,6.08,76.82,59327,0,0
0,6037181000,06037181000,District 1,Los Angeles - Eagle Rock,SPA 4 - Metro,4295,44448995.23,37014.56487,1172,144,6132,0.02348336595,0.1228668942,6.04,75.96,107708,0,0
0,6037181300,06037181300,District 1,Los Angeles - Eagle Rock,SPA 4 - Metro,4296,15605643.67,19883.49368,866,44,3613,0.01217824523,0.05080831409,7.11,90.89,115174,0,0
0,6037181400,06037181400,District 1,Los Angeles - Eagle Rock,SPA 4 - Metro,4297,9425720.289,14270.34,1111,101,4134,0.0244315433,0.09090909091,3.87,23.66,85409,0,0
0,6037181500,06037181500,District 1,Los Angeles - Eagle Rock,SPA 4 - Metro,4298,11760770.47,17618.24516,886,6,3653,0.001642485628,0.006772009029,5.93,73.76,114034,0,0
0,6037181600,06037181600,District 1,Los Angeles - Eagle Rock,SPA 4 - Metro,4299,13360638.2,17197.1239,1666,0,4247,0,0,4.57,40.47,90571,0,0
0,6037183101,06037183101,District 1,Los Angeles - Highland Park,SPA 4 - Metro,4300,10607809.58,16423.54448,516,41,3659,0.01120524734,0.07945736434,8.14,97.04,59219,0,0
0,6037183103,06037183103,District 1,Los Angeles - Highland Park,SPA 4 - Metro,4301,7244202.957,19003.06015,1460,69,3839,0.01797343058,0.04726027397,5.57,66.05,69032,0,0
0,6037183104,06037183104,District 1,Los Angeles - Highland Park,SPA 4 - Metro,4302,6726843.806,15127.03496,446,13,2095,0.006205250597,0.02914798206,5.15,56.35,93798,0,0
0,6037183220,06037183220,District 1,Los Angeles - Highland Park,SPA 4 - Metro,4303,5876242.414,12529.56248,822,21,3682,0.005703422053,0.02554744526,3.84,22.74,80817,0,0
0,6037183221,06037183221,District 1,Los Angeles - Eagle Rock,SPA 4 - Metro,4304,7556623.378,11919.91973,919,17,2901,0.005860048259,0.01849836779,4.14,29.88,85450,0,0
0,6037183222,06037183222,District 1,Los Angeles - Eagle Rock,SPA 4 - Metro,4305,9910024.888,16262.52674,750,38,3303,0.0115046927,0.05066666667,5.71,69.16,93839,0,0
0,6037183300,06037183300,District 1,Los Angeles - Eagle Rock,SPA 4 - Metro,4306,5867829.605,10063.00206,904,87,3083,0.02821926695,0.09623893805,6.42,82.46,75048,0,0
0,6037183401,06037183401,District 1,Los Angeles - Eagle Rock,SPA 4 - Metro,4307,5344581.567,10175.2714,630,11,2226,0.004941599281,0.01746031746,7.17,91.39,68182,0,0
0,6037183402,06037183402,District 1,Los Angeles - Eagle Rock,SPA 4 - Metro,4308,5662655.355,10718.81764,876,21,2997,0.007007007007,0.02397260274,4.57,40.47,63618,0,0
0,6037183510,06037183510,District 1,Los Angeles - Highland Park,SPA 4 - Metro,4309,5247216.662,10222.89794,642,40,2368,0.01689189189,0.06230529595,5.35,61.01,77292,0,0
0,6037183520,06037183520,District 1,Los Angeles - Highland Park,SPA 4 - Metro,4310,4701674.387,9080.127189,936,74,3450,0.02144927536,0.07905982906,5.97,74.52,56104,0,0
0,6037183610,06037183610,District 1,Los Angeles - Highland Park,SPA 4 - Metro,4311,4014651.394,9658.449062,791,116,2813,0.0412371134,0.1466498104,6.09,77.05,65724,0,0
0,6037980009,06037980009,District 5,Los Angeles - Los Feliz,SPA 4 - Metro,4427,228426493.8,78138.60174,5,0,52,0,0,0,0,,0,0
0,6037980010,06037980010,District 1,Los Angeles - Elysian Park,SPA 4 - Metro,4428,41576170.86,34977.57638,27,1,144,0.006944444444,0.03703703704,,,31875,0,0
0,6037183701,06037183701,District 1,Los Angeles - Highland Park,SPA 4 - Metro,4441,5759863.952,12281.67837,875,37,3838,0.009640437728,0.04228571429,3.88,23.92,65313,0,0
0,6037183702,06037183702,District 1,Los Angeles - Highland Park,SPA 4 - Metro,4442,9524021.356,16581.69776,709,27,2669,0.01011614837,0.03808180536,4.76,45.87,86719,0,0
0,6037183810,06037183810,District 1,Los Angeles - Highland Park,SPA 4 - Metro,4443,4841193.906,10223.55753,1319,42,4260,0.00985915493,0.03184230478,6.32,80.73,61250,0,0
0,6037183820,06037183820,District 1,Los Angeles - Highland Park,SPA 4 - Metro,4444,3348964.757,10238.05253,886,38,3626,0.01047986762,0.04288939052,5.54,65.36,58100,0,0
0,6037185101,06037185101,District 1,Los Angeles - Mt. Washington,SPA 4 - Metro,4445,8706618.617,16955.17586,663,28,2830,0.009893992933,0.04223227753,0,0,88400,0,0
0,6037185102,06037185102,District 1,Los Angeles - Mt. Washington,SPA 4 - Metro,4446,15935927.76,25632.9479,1010,162,2990,0.05418060201,0.1603960396,0,0,145088,0,0
0,6037185202,06037185202,District 1,Los Angeles - Mt. Washington,SPA 4 - Metro,4447,13003386.15,16277.41762,953,51,3682,0.01385116784,0.05351521511,3.83,22.65,90529,0,0
0,6037185203,06037185203,District 1,Los Angeles - Mt. Washington,SPA 4 - Metro,4448,5849916.313,11295.92411,732,39,2651,0.01471142965,0.05327868852,6.62,85.31,70096,0,0
0,6037185204,06037185204,District 1,Los Angeles - Mt. Washington,SPA 4 - Metro,4449,10302996.29,15511.26766,402,36,1977,0.01820940819,0.08955223881,3.92,24.76,90000,0,0
0,6037185310,06037185310,District 1,Los Angeles - Mt. Washington,SPA 4 - Metro,4450,4461664.139,11883.46184,712,33,2724,0.01211453744,0.04634831461,7.22,91.78,67076,0,0
0,6037185320,06037185320,District 1,Los Angeles - Elysian Valley,SPA 4 - Metro,4451,6087527.244,12706.77963,561,16,2763,0.005790807094,0.02852049911,6.62,85.31,51042,0,0
0,6037186100,06037186100,District 1,Los Angeles - Glassell Park,SPA 4 - Metro,4452,14122828.86,20374.1402,1338,18,4678,0.003847798204,0.0134529148,5.93,73.76,100074,0,0
0,6037186201,06037186201,District 1,Los Angeles - Glassell Park,SPA 4 - Metro,4453,5351125.641,11939.78841,670,0,3085,0,0,3.89,24.08,72875,0,0
0,6037186202,06037186202,District 1,Los Angeles - Glassell Park,SPA 4 - Metro,4454,4556332.902,10534.94403,487,19,1985,0.009571788413,0.03901437372,8.13,96.97,83836,0,0
0,6037186203,06037186203,District 1,Los Angeles - Glassell Park,SPA 4 - Metro,4455,9091855.962,15362.24224,838,12,2751,0.004362050164,0.01431980907,5.05,53.85,115074,0,0
0,6037186301,06037186301,District 1,Los Angeles - Glassell Park,SPA 4 - Metro,4456,12733089.02,17741.03288,797,34,2679,0.01269130272,0.04265997491,6.83,88.09,64018,0,0
0,6037186302,06037186302,District 1,Los Angeles - Glassell Park,SPA 4 - Metro,4457,18285481.25,17522.48693,1045,54,5190,0.01040462428,0.05167464115,4.92,50.19,90694,0,0
0,6037186401,06037186401,District 1,Los Angeles - Glassell Park,SPA 4 - Metro,4458,10153015.2,17566.23625,685,22,2991,0.007355399532,0.03211678832,5.84,71.79,45833,0,0
0,6037186403,06037186403,District 1,Los Angeles - Glassell Park,SPA 4 - Metro,4459,5905691.162,11856.93659,524,76,2521,0.03014676716,0.1450381679,5.74,69.68,64412,0,0
0,6037186404,06037186404,District 1,Los Angeles - Glassell Park,SPA 4 - Metro,4460,4284252.167,8709.723834,863,17,2266,0.007502206531,0.01969872538,3.93,24.99,62264,0,0
0,6037187101,06037187101,District 1,Los Angeles - Atwater Village,SPA 4 - Metro,4461,8510001.009,12901.79778,837,15,3011,0.004981733643,0.01792114695,3.06,9.85,84531,0,0
0,6037187102,06037187102,District 1,Los Angeles - Atwater Village,SPA 4 - Metro,4462,23601872.39,38158.38678,1378,84,4083,0.02057310801,0.06095791001,5.67,68.41,67617,0,0
0,6037187200,06037187200,District 1,Los Angeles - Silverlake,SPA 4 - Metro,4463,10210252.38,15467.57802,916,25,2801,0.008925383792,0.02729257642,3.32,13.24,79327,0,0
0,6037187300,06037187300,District 1,Los Angeles - Silverlake,SPA 4 - Metro,4464,12573329.33,19425.395,1114,20,3456,0.005787037037,0.01795332136,5.48,63.9,97813,0,0
0,6037188100,06037188100,District 1,Los Angeles - Atwater Village,SPA 4 - Metro,4465,22650892.64,25920.7016,1083,0,4070,0,0,4.33,34.39,57350,0,0
0,6037188201,06037188201,District 5,Los Angeles - Los Feliz,SPA 4 - Metro,4466,8583742.654,16919.48808,901,0,3378,0,0,8.38,97.75,88786,0,0
0,6037188202,06037188202,District 5,Los Angeles - Los Feliz,SPA 4 - Metro,4467,8230132.954,11771.53901,700,52,2460,0.02113821138,0.07428571429,7.27,92.28,119176,0,0
0,6037188300,06037188300,District 1,Los Angeles - Atwater Village,SPA 4 - Metro,4468,9856462.605,12658.97398,764,29,3271,0.008865790278,0.03795811518,5.71,69.16,111489,0,0
0,6037189101,06037189101,District 5,Los Angeles - Los Feliz,SPA 4 - Metro,4469,4253805.294,8256.535988,800,0,2589,0,0,3.59,17.98,92404,0,0
0,6037189102,06037189102,District 5,Los Angeles - Los Feliz,SPA 4 - Metro,4470,6905576.161,12037.64268,1265,24,3316,0.007237635706,0.01897233202,4.97,51.49,95000,0,0
0,6037189201,06037189201,District 5,Los Angeles - Los Feliz,SPA 4 - Metro,4471,3506033.15,7950.823968,834,41,3256,0.01259213759,0.04916067146,6.15,78.21,48103,0,0
0,6037189202,06037189202,District 5,Los Angeles - Los Feliz,SPA 4 - Metro,4472,11036873.87,16286.49026,710,26,2775,0.009369369369,0.03661971831,5.59,66.64,122188,0,0
0,6037189300,06037189300,District 5,Los Angeles - Los Feliz,SPA 4 - Metro,4473,20565714.22,24814.66324,615,60,3216,0.01865671642,0.09756097561,5.62,67.37,156827,0,0
0,6037189400,06037189400,District 5,Los Angeles - Hollywood Hills,SPA 4 - Metro,4474,15507607.53,23706.4366,635,0,3575,0,0,2.17,2.75,156161,705,0.204466357
0,6037189501,06037189501,District 5,Los Angeles - Hollywood Hills,SPA 4 - Metro,4475,3813790.654,8060.133875,523,12,2183,0.005497022446,0.02294455067,0,0,66071,0,0
0,6037189502,06037189502,District 5,Los Angeles - Hollywood Hills,SPA 4 - Metro,4476,2663667.326,6911.334448,708,2,2251,0.0008884940027,0.002824858757,0,0,55694,0,0
0,6037189600,06037189600,District 5,Los Angeles - Hollywood Hills,SPA 4 - Metro,4477,11513193.68,18537.86658,1317,0,3738,0,0,5.43,62.88,67425,0,0
0,6037183620,06037183620,District 1,Los Angeles - Highland Park,SPA 4 - Metro,4478,5605125.851,9297.165099,853,60,2912,0.0206043956,0.07033997655,6.09,77.05,75083,0,0
0,6037189702,06037189702,District 5,Los Angeles - Hollywood Hills,SPA 4 - Metro,4479,15623394.37,21310.44228,634,0,2389,0,0,3.57,17.68,79536,126,0.056705671
0,6037189703,06037189703,District 5,Los Angeles - Hollywood Hills,SPA 4 - Metro,4480,35757590.59,39992.79944,529,0,2259,0,0,0,0,106970,1814,0.586296057
0,6037189704,06037189704,District 5,Los Angeles - Hollywood Hills,SPA 4 - Metro,4481,11045948.98,22924.24202,412,0,2786,0,0,0,0,108430,524,0.593431484
0,6037189801,06037189801,District 3,Los Angeles - Hollywood,SPA 4 - Metro,4482,4463763.625,9921.861297,513,0,2302,0,0,0,0,80663,0,0
0,6037189802,06037189802,District 3,Los Angeles - Hollywood,SPA 4 - Metro,4483,3406698.649,7860.661236,485,19,2005,0.009476309227,0.03917525773,0,0,64489,0,0
0,6037189903,06037189903,District 3,Los Angeles - Hollywood,SPA 4 - Metro,4583,911068.4502,4147.043296,698,0,2228,0,0,12.33,99.95,85745,0,0
0,6037189904,06037189904,District 3,Los Angeles - Hollywood,SPA 4 - Metro,4584,1717995.097,5282.078075,890,0,2502,0,0,4.55,39.89,58594,0,0
0,6037189905,06037189905,District 3,Los Angeles - Hollywood,SPA 4 - Metro,4585,2781471.508,6976.504928,610,0,2462,0,0,4.6,41.15,72471,0,0
0,6037189906,06037189906,District 3,Los Angeles - Hollywood,SPA 4 - Metro,4586,2180620.14,5943.032652,1009,0,2746,0,0,0,0,70868,0,0
0,6037189907,06037189907,District 3,Los Angeles - Hollywood,SPA 4 - Metro,4587,1746419.551,5286.484129,797,32,2434,0.01314708299,0.04015056462,0,0,69489,0,0
0,6037190101,06037190101,District 3,Los Angeles - Hollywood,SPA 4 - Metro,4588,2408287.255,6809.254856,551,0,1832,0,0,0,0,34313,0,0
0,6037190102,06037190102,District 3,Los Angeles - Hollywood,SPA 4 - Metro,4589,4050079.622,8766.03717,943,0,2737,0,0,0,0,59632,0,0
0,6037190201,06037190201,District 3,Los Angeles - Hollywood,SPA 4 - Metro,4590,2414905.833,6702.511792,864,5,2872,0.001740947075,0.005787037037,11.59,99.91,31403,0,0
0,6037190202,06037190202,District 3,Los Angeles - Hollywood,SPA 4 - Metro,4591,2268330.934,6272.847416,914,0,3568,0,0,6.17,78.56,40723,0,0
0,6037190302,06037190302,District 3,Los Angeles - Hollywood,SPA 4 - Metro,4592,2672677.898,9399.590726,956,14,2283,0.006132282085,0.01464435146,0,0,65976,0,0
0,6037190303,06037190303,District 3,Los Angeles - Hollywood,SPA 4 - Metro,4593,1758851.837,5299.096549,519,0,2470,0,0,0,0,38553,0,0
0,6037190401,06037190401,District 1,Los Angeles - Thai Town,SPA 4 - Metro,4594,1794718.619,5352.38817,923,0,2857,0,0,7.76,95.39,49132,0,0
0,6037190402,06037190402,District 1,Los Angeles - Thai Town,SPA 4 - Metro,4595,1703419.563,5220.962615,582,22,2388,0.009212730318,0.03780068729,4.24,32.27,45758,0,0
0,6037190510,06037190510,District 3,Los Angeles - Hollywood,SPA 4 - Metro,4596,3431162.772,7980.935922,1035,0,4362,0,0,6.58,84.62,47180,0,0
0,6037190520,06037190520,District 1,Los Angeles - Thai Town,SPA 4 - Metro,4597,2623817.315,6611.946125,862,19,3489,0.005445686443,0.02204176334,5.77,70.36,43688,0,0
0,6037190701,06037190701,District 3,Los Angeles - Hollywood,SPA 4 - Metro,4598,4762913.411,9891.611917,435,11,1867,0.005891805035,0.02528735632,0,0,36183,0,0
0,6037190702,06037190702,District 3,Los Angeles - Hollywood,SPA 4 - Metro,4599,2152980.215,5909.328017,328,0,1420,0,0,0,0,60150,0,0
0,6037190801,06037190801,District 3,Los Angeles - Hollywood,SPA 4 - Metro,4600,3489354.941,7925.329311,755,10,2500,0.004,0.01324503311,7.48,93.66,26488,0,0
0,6037190802,06037190802,District 3,Los Angeles - Hollywood,SPA 4 - Metro,4601,5239434.938,9249.698493,871,0,2794,0,0,4.69,43.55,61612,0,0
0,6037190901,06037190901,District 3,Los Angeles - Hollywood,SPA 4 - Metro,4602,5276728.264,9290.815101,648,7,4016,0.001743027888,0.01080246914,8.38,97.75,39435,0,0
0,6037190902,06037190902,District 3,Los Angeles - Hollywood,SPA 4 - Metro,4603,5241444.3,9257.052349,1057,0,3608,0,0,4.5,38.71,50417,0,0
0,6037191000,06037191000,District 3,Los Angeles - Hollywood,SPA 4 - Metro,4604,6889316.932,11150.2882,1364,11,5893,0.001866621415,0.008064516129,6.06,76.44,71621,0,0
0,6037191110,06037191110,District 1,Los Angeles - Little Armenia,SPA 4 - Metro,4605,2935781.978,7507.322159,734,5,3141,0.001591849729,0.006811989101,3.57,17.68,41211,0,0
0,6037191120,06037191120,District 1,Los Angeles - Little Armenia,SPA 4 - Metro,4606,4086207.511,8373.028582,878,53,3801,0.01394369903,0.06036446469,4.71,44.21,34189,0,0
0,6037191201,06037191201,District 1,Los Angeles - East Hollywood,SPA 4 - Metro,4607,6159856.799,9951.803389,1749,11,4072,0.002701375246,0.006289308176,7.64,94.8,41288,0,0
0,6037191203,06037191203,District 1,Los Angeles - East Hollywood,SPA 4 - Metro,4608,2208647.539,5985.146278,576,14,2531,0.00553141051,0.02430555556,6.13,77.8,29444,0,0
0,6037191204,06037191204,District 1,Los Angeles - East Hollywood,SPA 4 - Metro,4609,2164440.775,5918.994441,407,19,1862,0.01020408163,0.04668304668,7.41,93.2,40962,0,0
0,6037191301,06037191301,District 1,Los Angeles - East Hollywood,SPA 4 - Metro,4610,2943320.985,8516.894451,625,0,2076,0,0,8.9,98.59,49405,0,0
0,6037191302,06037191302,District 1,Los Angeles - East Hollywood,SPA 4 - Metro,4611,4550186.103,9354.956612,483,10,2192,0.004562043796,0.02070393375,7.19,91.54,50469,0,0
0,6037191410,06037191410,District 1,Los Angeles - East Hollywood,SPA 4 - Metro,4612,3351834.153,7438.615027,863,56,3924,0.01427115189,0.06488991889,4.47,37.88,46373,0,0
0,6037191420,06037191420,District 1,Los Angeles - East Hollywood,SPA 4 - Metro,4613,2445342.204,6614.972479,900,32,2837,0.01127952062,0.03555555556,3.33,13.5,65230,0,0
0,6037191500,06037191500,District 1,Los Angeles - East Hollywood,SPA 4 - Metro,4614,6905191.907,10328.41683,1752,36,4980,0.007228915663,0.02054794521,7.45,93.51,57148,0,0
0,6037191610,06037191610,District 3,Los Angeles - Melrose,SPA 4 - Metro,4615,4516467.598,9408.296297,1256,30,4271,0.007024116132,0.02388535032,5.83,71.64,48750,0,0
0,6037191620,06037191620,District 3,Los Angeles - Melrose,SPA 4 - Metro,4616,2445220.929,7017.168055,604,16,2628,0.006088280061,0.02649006623,5.2,57.56,30052,0,0
0,6037191710,06037191710,District 3,Los Angeles - Melrose,SPA 4 - Metro,4617,7627194.529,13209.02715,610,24,2576,0.009316770186,0.0393442623,5.73,69.53,27254,0,0
0,6037191720,06037191720,District 3,Los Angeles - Melrose,SPA 4 - Metro,4618,2845306.476,6946.316352,768,0,3534,0,0,6.25,79.73,33106,0,0
0,6037191810,06037191810,District 3,Los Angeles - Melrose,SPA 4 - Metro,4619,4350630.715,9234.497787,977,46,3028,0.01519154557,0.04708290686,4.98,51.82,48584,0,0
0,6037191820,06037191820,District 3,Los Angeles - Melrose,SPA 4 - Metro,4620,4356997.034,9240.099245,1256,89,3279,0.02714242147,0.07085987261,4.76,45.87,65469,0,0
0,6037191901,06037191901,District 3,Los Angeles - Melrose,SPA 4 - Metro,4621,8323634.666,11867.31917,1436,0,3563,0,0,2.05,2.22,51391,0,0
0,6037191902,06037191902,District 3,Los Angeles - Melrose,SPA 4 - Metro,4622,7818740.748,11569.20775,795,24,2961,0.008105369807,0.03018867925,1.41,0.54,89583,0,0
0,6037192001,06037192001,District 3,Los Angeles - Melrose,SPA 4 - Metro,4623,5713216.985,11592.71507,528,22,2574,0.008547008547,0.04166666667,3.3,12.97,73322,0,0
0,6037192002,06037192002,District 3,Los Angeles - Melrose,SPA 4 - Metro,4624,9235858.898,12792.96101,626,0,2550,0,0,5.62,67.37,120475,0,0
0,6037192300,06037192300,District 3,Los Angeles - Melrose,SPA 4 - Metro,4625,9456509.244,12470.62227,647,28,2863,0.0097799511,0.04327666151,3.37,14.01,84924,0,0
0,6037192410,06037192410,District 3,Los Angeles - Melrose,SPA 4 - Metro,4712,7360628.904,10853.93426,1279,15,3573,0.004198152813,0.01172791243,4.01,26.87,87302,0,0
0,6037192420,06037192420,District 3,Los Angeles - Melrose,SPA 4 - Metro,4713,3494301.186,7935.384087,1075,0,3645,0,0,5.21,57.72,58784,0,0
0,6037192510,06037192510,District 3,Los Angeles - Melrose,SPA 4 - Metro,4714,3676220.52,8083.487154,963,73,3508,0.02080957811,0.07580477674,8.33,97.66,54688,0,0
0,6037192520,06037192520,District 3,Los Angeles - Melrose,SPA 4 - Metro,4715,3307689.511,7772.457267,1490,38,4326,0.008784096163,0.0255033557,5.95,74.22,48110,0,0
0,6037192610,06037192610,District 3,Los Angeles - Melrose,SPA 4 - Metro,4716,4469637.643,9148.63121,1119,31,4149,0.007471679923,0.02770330652,5.18,57.1,44045,0,0
0,6037192620,06037192620,District 3,Los Angeles - Melrose,SPA 4 - Metro,4717,2621282.093,7268.933306,903,36,3260,0.01104294479,0.03986710963,7.51,93.92,41553,0,0
0,6037192700,06037192700,District 1,Los Angeles - Silverlake,SPA 4 - Metro,4718,5724862.038,9589.41664,919,33,3550,0.009295774648,0.0359085963,4.02,27.12,50430,0,0
0,6037194101,06037194101,District 3,Los Angeles - Hollywood Hills,SPA 4 - Metro,4719,27180830.03,31075.05626,687,22,3236,0.006798516687,0.03202328967,4.32,34.18,92434,774,0.2504044
0,6037194102,06037194102,District 3,Los Angeles - Hollywood Hills,SPA 4 - Metro,4720,37645454.39,34914.69752,498,4,3462,0.001155401502,0.008032128514,2.23,2.95,100515,1502,0.434355119
0,6037194200,06037194200,District 3,Los Angeles - Hollywood,SPA 4 - Metro,4721,28373047.38,25984.2625,711,23,3596,0.006395995551,0.0323488045,4.33,34.39,190671,490,0.136566332
0,6037194300,06037194300,District 3,Los Angeles - Hollywood,SPA 4 - Metro,4722,26227895.59,30785.97294,457,32,2972,0.01076716016,0.07002188184,4.35,34.77,228836,1367,0.451304061
0,6037194401,06037194401,District 3,Los Angeles - Melrose,SPA 4 - Metro,4723,5154787.685,9246.950612,842,0,2559,0,0,1.92,1.68,89657,0,0
0,6037194402,06037194402,District 3,Los Angeles - Melrose,SPA 4 - Metro,4724,6337662.805,14182.45849,995,42,3146,0.01335028608,0.04221105528,5.77,70.36,83485,0,0
0,6037194500,06037194500,District 3,Los Angeles - Melrose,SPA 4 - Metro,4725,7266523.675,14479.90367,578,29,2347,0.0123561994,0.05017301038,4.02,27.12,105959,0,0
0,6037195100,06037195100,District 1,Los Angeles - Silverlake,SPA 4 - Metro,4726,20453803.89,21319.03327,897,0,4974,0,0,2.25,3.07,131745,0,0
0,6037195201,06037195201,District 1,Los Angeles - Silverlake,SPA 4 - Metro,4727,6368770.976,13708.09692,852,7,3080,0.002272727273,0.008215962441,3.75,21.08,96696,0,0
0,6037195202,06037195202,District 1,Los Angeles - Silverlake,SPA 4 - Metro,4728,9353385.49,14469.56877,843,27,3194,0.008453350031,0.03202846975,2.52,4.71,126458,0,0
0,6037195300,06037195300,District 1,Los Angeles - Silverlake,SPA 4 - Metro,4729,6250975.548,11070.14042,847,29,3070,0.009446254072,0.03423848878,2.78,6.79,77525,0,0
0,6037195400,06037195400,District 1,Los Angeles - Silverlake,SPA 4 - Metro,4730,10992588.21,16204.9071,1056,54,4244,0.01272384543,0.05113636364,4.73,44.77,101149,0,0
0,6037195500,06037195500,District 1,Los Angeles - Silverlake,SPA 4 - Metro,4731,13164198.9,19218.2547,1536,79,4991,0.01582849128,0.05143229167,5.62,67.37,97610,0,0
0,6037195600,06037195600,District 1,Los Angeles - Silverlake,SPA 4 - Metro,4732,5712584.264,10997.16684,839,28,3056,0.009162303665,0.03337306317,4.5,38.71,53145,0,0
0,6037195710,06037195710,District 1,Los Angeles - Temple-Beaudry,SPA 4 - Metro,4733,5192040.212,9745.730029,1379,105,3939,0.02665651181,0.07614213198,4.65,42.52,60359,0,0
0,6037195720,06037195720,District 1,Los Angeles - Temple-Beaudry,SPA 4 - Metro,4734,3067002.278,8340.768198,501,32,1896,0.01687763713,0.06387225549,7.24,91.98,51518,0,0
0,6037195802,06037195802,District 1,Los Angeles - Temple-Beaudry,SPA 4 - Metro,4735,4341880.869,9929.551367,769,45,2744,0.01639941691,0.05851755527,7.14,91.28,59464,0,0
0,6037195803,06037195803,District 1,Los Angeles - Temple-Beaudry,SPA 4 - Metro,4736,4074198.948,9002.277082,721,41,2457,0.01668701669,0.05686546463,4.49,38.49,85234,0,0
0,6037195804,06037195804,District 1,Los Angeles - Temple-Beaudry,SPA 4 - Metro,4737,3621379.552,7702.845186,705,70,2459,0.02846685645,0.09929078014,5.84,71.79,54459,0,0
0,6037195901,06037195901,District 1,Los Angeles - Silverlake,SPA 4 - Metro,4738,3167895.595,7993.588992,806,24,2248,0.01067615658,0.02977667494,6.31,80.51,64821,0,0
0,6037195902,06037195902,District 1,Los Angeles - Silverlake,SPA 4 - Metro,4739,3659790.434,8148.34835,415,42,1848,0.02272727273,0.1012048193,4.3,33.73,103438,0,0
0,6037195903,06037195903,District 1,Los Angeles - Silverlake,SPA 4 - Metro,4740,2560973.891,6617.766511,665,17,1988,0.008551307847,0.02556390977,4.1,28.96,60313,0,0
0,6037197200,06037197200,District 1,Los Angeles - Elysian Valley,SPA 4 - Metro,4741,8254417.317,14769.06805,977,27,3287,0.008214177061,0.02763561924,3.3,12.97,62612,0,0
0,6037197300,06037197300,District 1,Los Angeles - Echo Park,SPA 4 - Metro,4742,6852261.595,14683.68498,1110,30,3650,0.008219178082,0.02702702703,6.25,79.73,86326,0,0
0,6037197410,06037197410,District 1,Los Angeles - Elysian Valley,SPA 4 - Metro,4743,14961791.12,17855.05973,1068,22,3707,0.005934718101,0.02059925094,5.93,73.76,86414,0,0
0,6037197420,06037197420,District 1,Los Angeles - Echo Park,SPA 4 - Metro,4744,6662696.074,11589.35682,1331,43,3376,0.01273696682,0.03230653644,5.5,64.47,83400,0,0
0,6037197500,06037197500,District 1,Los Angeles - Echo Park,SPA 4 - Metro,4745,6903041.98,10403.77306,1295,39,3973,0.009816259753,0.03011583012,4.67,43.08,75276,0,0
0,6037197600,06037197600,District 1,Los Angeles - Angelino Heights,SPA 4 - Metro,4746,4213783.379,10380.06474,576,24,2431,0.009872480461,0.04166666667,5.23,58.2,77308,0,0
0,6037197700,06037197700,District 1,Los Angeles - Elysian Park,SPA 4 - Metro,4747,7539991.258,13637.86331,1545,16,4565,0.003504928806,0.01035598706,6.96,89.4,52250,0,0
0,6037199001,06037199001,District 1,Los Angeles - Lincoln Heights,SPA 4 - Metro,4748,2823832.105,7991.60286,477,60,2552,0.02351097179,0.1257861635,0,0,50679,0,0
0,6037199002,06037199002,District 1,Los Angeles - Lincoln Heights,SPA 4 - Metro,4749,14153143.55,20590.57379,836,31,2913,0.01064194988,0.03708133971,0,0,62390,0,0
0,6037199110,06037199110,District 1,Los Angeles - Lincoln Heights,SPA 4 - Metro,4750,9922886.959,13487.68986,554,16,2377,0.006731173748,0.02888086643,5.81,71.26,62837,0,0
0,6037199120,06037199120,District 1,Los Angeles - Lincoln Heights,SPA 4 - Metro,4751,10366630.68,16430.64353,1044,68,3777,0.01800370665,0.06513409962,4.01,26.87,33750,0,0
0,6037199201,06037199201,District 1,Los Angeles - Lincoln Heights,SPA 4 - Metro,4752,4272810.895,8743.52631,958,13,3584,0.003627232143,0.01356993737,7.97,96.29,51250,0,0
0,6037199202,06037199202,District 1,Los Angeles - Lincoln Heights,SPA 4 - Metro,4753,10262323.06,17337.62623,676,58,2785,0.02082585278,0.08579881657,5.53,65.18,55799,0,0
0,6037199300,06037199300,District 1,Los Angeles - Lincoln Heights,SPA 4 - Metro,4754,27667373.48,30528.99057,940,29,3545,0.008180535966,0.03085106383,5.59,66.64,102000,0,0
0,6037199400,06037199400,District 1,Los Angeles - Mt. Washington,SPA 4 - Metro,4755,7705435.548,16525.89308,1093,50,4470,0.01118568233,0.04574565416,7.11,90.89,49449,0,0
0,6037216401,06037216401,District 3,Los Angeles - South Carthay,SPA 5 - West,2795,4453771.929,8573.050905,1143,33,4165,0.007923169268,0.02887139108,4.07,28.36,86504,0,0
0,6037216402,06037216402,District 3,Los Angeles - South Carthay,SPA 5 - West,2796,2454486.62,6352.559841,740,45,2644,0.01701966717,0.06081081081,5.69,68.71,79583,0,0
0,6037217001,06037217001,District 3,Los Angeles - Crestview,SPA 5 - West,2930,5932737.093,10781.49167,656,53,2863,0.0185120503,0.08079268293,4.29,33.44,105532,0,0
0,6037217002,06037217002,District 3,Los Angeles - Crestview,SPA 5 - West,2931,8310430.762,11537.25747,1511,30,5084,0.00590086546,0.01985440106,3.75,21.08,98265,0,0
0,6037700600,06037700600,District 3,City of Beverly Hills,SPA 5 - West,3555,61159774.47,45106.84674,1023,12,5032,0.002384737679,0.01173020528,3.74,20.89,173672,1729,0.312319364
0,6037700700,06037700700,District 3,City of Beverly Hills,SPA 5 - West,3556,37897052.82,31200.99347,507,13,3111,0.004178720669,0.02564102564,6.06,76.44,194154,1690,0.485911443
0,6037700801,06037700801,District 3,City of Beverly Hills,SPA 5 - West,3557,15717383.36,19965.10576,839,13,4941,0.002631046347,0.01549463647,2.31,3.4,80417,0,0
0,6037700802,06037700802,District 3,City of Beverly Hills,SPA 5 - West,3558,7302287.234,14888.34372,803,15,3892,0.003854059609,0.01867995019,2.39,3.7,89398,0,0
0,6037700901,06037700901,District 3,City of Beverly Hills,SPA 5 - West,3559,11377820.65,18770.36986,1249,129,3863,0.03339373544,0.1032826261,4.2,31.33,82857,0,0
0,6037700902,06037700902,District 3,City of Beverly Hills,SPA 5 - West,3560,10288596.88,12917.87842,1741,47,6561,0.007163542143,0.02699597932,3.88,23.92,79037,0,0
0,6037701000,06037701000,District 3,City of Beverly Hills,SPA 5 - West,3561,15201980.04,17530.92091,1052,42,5301,0.00792303339,0.03992395437,3.92,24.76,107695,0,0
0,6037701201,06037701201,District 3,City of Santa Monica,SPA 5 - West,3562,20797737.92,18156.85949,673,61,4228,0.01442762535,0.09063893016,6.38,81.88,209083,45,0.010151139
0,6037701202,06037701202,District 3,City of Santa Monica,SPA 5 - West,3563,4362526.576,9140.208205,856,63,3498,0.0180102916,0.07359813084,4.6,41.15,138857,0,0
0,6037701302,06037701302,District 3,City of Santa Monica,SPA 5 - West,3564,4915205.767,9925.940354,1532,137,4951,0.02767117754,0.08942558747,6.52,83.85,78542,0,0
0,6037701304,06037701304,District 3,City of Santa Monica,SPA 5 - West,3565,21323398.53,20489.18545,1116,66,6462,0.01021355617,0.05913978495,6.12,77.55,127115,0,0
0,6037701402,06037701402,District 3,City of Santa Monica,SPA 5 - West,3566,7457864.641,12197.09515,1334,0,6494,0,0,4.97,51.49,107429,0,0
0,6037701501,06037701501,District 3,City of Santa Monica,SPA 5 - West,3567,6637488.002,12363.0986,1195,86,5283,0.01627862957,0.0719665272,2.99,9.08,126875,0,0
0,6037701502,06037701502,District 3,City of Santa Monica,SPA 5 - West,3568,6589618.769,12353.4412,1034,26,3665,0.007094133697,0.0251450677,3.02,9.51,93590,0,0
0,6037701601,06037701601,District 3,City of Santa Monica,SPA 5 - West,3569,13023655.41,15732.07102,744,8,4175,0.001916167665,0.01075268817,5.51,64.78,136250,0,0
0,6037701602,06037701602,District 3,City of Santa Monica,SPA 5 - West,3570,7119825.181,13111.23926,1275,82,4356,0.01882460973,0.06431372549,5.54,65.36,101648,0,0
0,6037701701,06037701701,District 3,City of Santa Monica,SPA 5 - West,3571,7049752.503,13086.27912,660,17,3543,0.004798193621,0.02575757576,5.79,70.81,67113,0,0
0,6037701702,06037701702,District 3,City of Santa Monica,SPA 5 - West,3572,6507747.254,12303.03064,969,10,3326,0.003006614552,0.01031991744,3.92,24.76,69904,0,0
0,6037701801,06037701801,District 3,City of Santa Monica,SPA 5 - West,3573,20423768.01,19261.62465,1815,92,5973,0.01540264524,0.05068870523,5.59,66.64,66464,0,0
0,6037701802,06037701802,District 3,City of Santa Monica,SPA 5 - West,3574,13452438.07,15254.84606,1439,12,4207,0.002852388876,0.008339124392,5.53,65.18,75020,0,0
0,6037701902,06037701902,District 3,City of Santa Monica,SPA 5 - West,3575,16583120.92,16639.09134,1403,40,5478,0.007301935013,0.028510335,6.67,86.03,68935,0,0
0,6037702002,06037702002,District 3,City of Santa Monica,SPA 5 - West,3576,10473116.6,13179.75352,1482,84,5989,0.01402571381,0.05668016194,4.96,51.31,88375,0,0
0,6037261102,06037261102,District 3,Los Angeles - Beverly Crest,SPA 5 - West,3646,85407661.25,51227.15786,683,69,4072,0.01694499018,0.1010248902,2.24,3.03,164219,3517,0.806281522
0,6037261103,06037261103,District 3,Los Angeles - Beverly Crest,SPA 5 - West,3647,22597179.56,25395.64697,408,30,1880,0.01595744681,0.07352941176,0,0,202266,1088,1
0,6037261104,06037261104,District 3,Los Angeles - Beverly Crest,SPA 5 - West,3648,49580283.87,40730.72615,231,18,1638,0.01098901099,0.07792207792,0,0,217396,2404,0.9995842
0,6037261200,06037261200,District 3,Los Angeles - Beverly Crest,SPA 5 - West,3649,82038321.54,56064.16523,831,12,4329,0.002772002772,0.01444043321,3.52,16.63,178750,1895,0.436937976
0,6037262100,06037262100,District 3,Los Angeles - Bel Air,SPA 5 - West,3650,94268460.67,66231.93803,425,10,3195,0.003129890454,0.02352941176,2.56,5.03,250001,2601,0.725320692
0,6037262200,06037262200,District 3,Los Angeles - Bel Air,SPA 5 - West,3651,92556288.24,51023.03124,1182,7,4553,0.001537447837,0.005922165821,3.75,21.08,173472,2439,0.52171123
0,6037262301,06037262301,District 3,Los Angeles - Brentwood,SPA 5 - West,3652,140668877.1,70786.55679,927,50,2778,0.01799856012,0.05393743258,3.16,10.94,231188,2679,0.97702407
0,6037262302,06037262302,District 3,Los Angeles - Brentwood,SPA 5 - West,3653,33189565.13,31673.58828,556,9,2870,0.003135888502,0.01618705036,3.14,10.75,200781,1551,0.550390348
0,6037262303,06037262303,District 3,Los Angeles - Brentwood,SPA 5 - West,3654,27867591.14,27207.24354,388,0,3157,0,0,4.31,33.95,250001,1711,0.52006079
0,6037262400,06037262400,District 3,Los Angeles - Mandeville Canyon,SPA 5 - West,3655,121143587.9,72274.41007,506,48,3242,0.01480567551,0.09486166008,0,0,250001,2990,0.924837612
0,6037262501,06037262501,District 3,Los Angeles - Pacific Palisades,SPA 5 - West,3656,17477545.71,19392.94341,615,49,3741,0.01309810211,0.07967479675,2.67,5.75,246750,0,0
0,6037262601,06037262601,District 3,Los Angeles - Palisades Highlands,SPA 5 - West,3657,39178592.96,34168.35976,528,16,3783,0.004229447528,0.0303030303,5.16,56.61,201094,3577,1
0,6037262604,06037262604,District 3,Los Angeles - Pacific Palisades,SPA 5 - West,3658,60968352.43,50692.93846,1146,80,6116,0.01308044474,0.06980802792,0,0,187500,1533,0.251889583
0,6037262704,06037262704,District 3,Los Angeles - Pacific Palisades,SPA 5 - West,3659,19521291.02,24493.05013,665,42,3651,0.01150369762,0.06315789474,5.11,55.38,126528,0,0
0,6037262706,06037262706,District 3,Los Angeles - Pacific Palisades,SPA 5 - West,3660,23157872.03,21210.20583,580,47,3537,0.01328809726,0.08103448276,0,0,158625,1,0.000280662
0,6037262802,06037262802,District 3,Los Angeles - Pacific Palisades,SPA 5 - West,3661,35627253.87,36744.70469,510,32,3907,0.008190427438,0.06274509804,0,0,182042,635,0.169017833
0,6037264000,06037264000,District 3,Los Angeles - Brentwood,SPA 5 - West,3662,20114439.2,22839.60365,521,40,3284,0.01218026797,0.07677543186,10.2,99.64,196250,8,0.00238237
0,6037264102,06037264102,District 3,Los Angeles - Brentwood,SPA 5 - West,3663,4343038.615,10171.08101,947,12,3064,0.003916449086,0.01267159451,5.41,62.39,107228,0,0
0,6037702102,06037702102,District 3,City of Santa Monica,SPA 5 - West,3708,9506242.06,13118.11235,1370,23,6447,0.003567550799,0.01678832117,6.82,87.97,96724,0,0
0,6037702201,06037702201,District 3,City of Santa Monica,SPA 5 - West,3709,12958863.09,15186.02708,1029,0,4475,0,0,3.1,10.26,97642,0,0
0,6037702202,06037702202,District 3,City of Santa Monica,SPA 5 - West,3710,10861256.55,13823.86672,970,0,3890,0,0,3.61,18.4,120268,0,0
0,6037702300,06037702300,District 3,City of Santa Monica,SPA 5 - West,3711,27881109.19,21112.11093,1800,32,6603,0.004846281993,0.01777777778,4.07,28.36,101014,0,0
0,6037702400,06037702400,District 2,City of Culver City,SPA 5 - West,3712,21577030.23,23594.31421,1536,56,4677,0.01197348728,0.03645833333,4.46,37.58,98656,0,0
0,6037702501,06037702501,District 2,City of Culver City,SPA 5 - West,3713,14580560.09,15468.92957,1098,36,4952,0.007269789984,0.03278688525,3.33,13.5,126875,0,0
0,6037702502,06037702502,District 2,City of Culver City,SPA 5 - West,3714,19535183.03,25393.48453,1135,12,4320,0.002777777778,0.01057268722,4.55,39.89,89926,0,0
0,6037702600,06037702600,District 2,City of Culver City,SPA 5 - West,3715,23564257.6,23632.56217,1313,63,6459,0.009753831863,0.04798172125,4.64,42.2,110285,0,0
0,6037702700,06037702700,District 2,City of Culver City,SPA 5 - West,3716,14571730.81,17411.60732,667,21,3798,0.005529225908,0.03148425787,7.36,92.89,122188,0,0
0,6037702801,06037702801,District 2,City of Culver City,SPA 5 - West,3717,12920974.87,14939.81152,1046,16,5272,0.003034901366,0.01529636711,6.31,80.51,84207,0,0
0,6037702802,06037702802,District 2,City of Culver City,SPA 5 - West,3718,6280920.613,15114.50502,600,7,2278,0.003072870939,0.01166666667,5.88,72.85,91743,0,0
0,6037702803,06037702803,District 2,City of Culver City,SPA 5 - West,3719,9086121.841,27321.20754,730,26,2986,0.008707300737,0.03561643836,5.53,65.18,81184,0,0
0,6037702900,06037702900,District 2,Unincorporated - Marina del Rey,SPA 5 - West,3720,40658542.4,25781.56671,3729,200,11373,0.01758550954,0.05363368195,0,0,120437,137,0.015483725
0,6037703002,06037703002,District 2,Unincorporated - Ladera Heights,SPA 5 - West,3721,35357695.67,27551.11384,1652,13,6907,0.001882148545,0.007869249395,4.87,48.77,101264,617,0.092963688
0,6037703003,06037703003,District 2,City of Culver City,SPA 5 - West,3722,21768486.62,25008.23921,1824,99,6037,0.01639887361,0.05427631579,0,0,95613,0,0
0,6037800406,06037800406,District 3,Unincorporated - Santa Monica Mountains,SPA 5 - West,3742,976025588.5,183400.0599,404,28,1673,0.01673640167,0.06930693069,2.47,4.29,149048,0,0
0,6037800410,06037800410,District 3,Unincorporated - Santa Monica Mountains,SPA 5 - West,3743,398549061.5,115553.7696,1606,23,3847,0.005978684689,0.01432129514,5.97,74.52,150469,0,0
0,6037800411,06037800411,District 3,City of Malibu,SPA 5 - West,3744,96023885.2,53070.92375,867,25,2415,0.01035196687,0.02883506344,0,0,170299,896,0.224336505
0,6037800412,06037800412,District 3,City of Malibu,SPA 5 - West,3745,73279113.92,59344.04636,686,0,3437,0,0,0,0,111992,701,0.224176527
0,6037800504,06037800504,District 3,Unincorporated - Santa Monica Mountains,SPA 5 - West,3746,231271325.3,105654.7521,376,0,2261,0,0,4.55,39.89,170458,0,0
0,6037800506,06037800506,District 3,Unincorporated - Santa Monica Mountains,SPA 5 - West,3748,283541147.6,93296.02551,546,53,2954,0.01794177387,0.09706959707,3.31,13.14,180493,0,0
0,6037264103,06037264103,District 3,Los Angeles - Brentwood,SPA 5 - West,3796,2490260.745,7354.991688,979,57,2605,0.02188099808,0.0582226762,3.78,21.62,126538,0,0
0,6037264303,06037264303,District 3,Los Angeles - Brentwood,SPA 5 - West,3797,2261081.603,6586.023665,1233,0,2733,0,0,0,0,116414,0,0
0,6037264304,06037264304,District 3,Los Angeles - Brentwood,SPA 5 - West,3798,2225741.226,7198.827025,988,11,2616,0.004204892966,0.01113360324,0,0,97078,0,0
0,6037264305,06037264305,District 3,Los Angeles - Brentwood,SPA 5 - West,3799,14595887.88,19041.33218,901,167,3712,0.04498922414,0.1853496115,0,0,85493,0,0
0,6037264306,06037264306,District 3,Los Angeles - Brentwood,SPA 5 - West,3800,3884954.243,8953.877187,465,15,2228,0.006732495512,0.03225806452,0,0,94313,0,0
0,6037265100,06037265100,District 3,Los Angeles - Westwood,SPA 5 - West,3801,25359898.28,23623.53091,329,41,2835,0.01446208113,0.1246200608,2.65,5.68,103750,391,0.157091201
0,6037265201,06037265201,District 3,Los Angeles - Westwood,SPA 5 - West,3802,4644328.417,11660.50755,1119,22,2108,0.01043643264,0.01966041108,2.94,8.6,117798,0,0
0,6037265203,06037265203,District 3,Los Angeles - Westwood,SPA 5 - West,3803,3384581.377,8364.391716,444,2,2228,0.0008976660682,0.004504504505,0,0,56656,0,0
0,6037265204,06037265204,District 3,Los Angeles - Westwood,SPA 5 - West,3804,2769406.648,7451.480282,803,0,1182,0,0,0,0,108295,0,0
0,6037265301,06037265301,District 3,Los Angeles - Westwood,SPA 5 - West,3805,17371241.08,20071.7787,7621,0,13527,0,0,0,0,,0,0
0,6037265303,06037265303,District 3,Los Angeles - Westwood,SPA 5 - West,3806,1594116.397,5706.964201,2469,0,4012,0,0,,,29375,0,0
0,6037265304,06037265304,District 3,Los Angeles - Westwood,SPA 5 - West,3807,1394810.988,5790.8978,1568,0,3855,0,0,,,20343,0,0
0,6037265306,06037265306,District 3,Los Angeles - Westwood,SPA 5 - West,3808,961217.959,4565.474167,1212,0,2081,0,0,0,0,15417,0,0
0,6037265307,06037265307,District 3,Los Angeles - Westwood,SPA 5 - West,3809,2468513.828,7795.626288,1074,5,3190,0.001567398119,0.004655493482,0,0,16772,0,0
0,6037265410,06037265410,District 3,Los Angeles - Brentwood,SPA 5 - West,3810,7638860,15973.55043,477,11,1592,0.006909547739,0.02306079665,6.14,77.94,105625,262,0.161828289
0,6037265420,06037265420,District 3,Los Angeles - Westwood,SPA 5 - West,3811,7849221.043,12202.56918,235,14,1887,0.00741918389,0.05957446809,4.24,32.27,200179,643,0.355052457
0,6037265521,06037265521,District 3,Los Angeles - Westwood,SPA 5 - West,3812,1452625.41,5481.341594,650,0,1948,0,0,0,0,51014,0,0
0,6037265522,06037265522,District 3,Los Angeles - Westwood,SPA 5 - West,3813,2667208.061,7734.379654,953,0,2090,0,0,0,0,77348,0,0
0,6037265523,06037265523,District 3,Los Angeles - Westwood,SPA 5 - West,3814,3627106.281,7646.927365,620,54,1884,0.02866242038,0.08709677419,0,0,63594,0,0
0,6037265524,06037265524,District 3,Los Angeles - Westwood,SPA 5 - West,3815,4685379.452,8662.149005,936,23,2751,0.008360596147,0.02457264957,0,0,98906,0,0
0,6037265601,06037265601,District 3,Los Angeles - Westwood,SPA 5 - West,3816,6758653.258,11344.17226,680,0,3140,0,0,3.45,15.36,89844,0,0
0,6037265602,06037265602,District 3,Los Angeles - Westwood,SPA 5 - West,3817,3614948.774,9204.148606,521,47,3318,0.01416515973,0.09021113244,5.06,54.12,104375,0,0
0,6037265701,06037265701,District 3,Los Angeles - Westwood,SPA 5 - West,3818,9188262.399,15334.42196,414,4,2047,0.00195407914,0.009661835749,0,0,95357,0,0
0,6037265702,06037265702,District 3,Los Angeles - Westwood,SPA 5 - West,3819,4106623.735,8615.57387,471,43,2879,0.01493574158,0.09129511677,0,0,91731,0,0
0,6037267101,06037267101,District 3,Los Angeles - Century City,SPA 5 - West,3820,5094799.387,9328.174997,728,42,3142,0.01336728199,0.05769230769,0,0,107664,0,0
0,6037267102,06037267102,District 3,Los Angeles - Century City,SPA 5 - West,3821,6863044.904,10650.81457,914,16,3163,0.005058488776,0.01750547046,0,0,106742,0,0
0,6037267201,06037267201,District 3,Los Angeles - West Los Angeles,SPA 5 - West,3822,6481656.113,10588.18163,710,112,2865,0.03909249564,0.1577464789,0,0,97321,0,0
0,6037267202,06037267202,District 3,Los Angeles - West Los Angeles,SPA 5 - West,3823,6201058.955,10207.76052,1055,114,3470,0.03285302594,0.108056872,0,0,106016,0,0
0,6037267300,06037267300,District 3,Los Angeles - West Los Angeles,SPA 5 - West,3824,4635901.661,8676.108354,1082,43,4408,0.009754990926,0.03974121996,7.47,93.65,79919,0,0
0,6037267403,06037267403,District 3,Los Angeles - West Los Angeles,SPA 5 - West,3825,2520972.807,7862.052938,1171,15,3093,0.004849660524,0.01280956447,6.25,79.73,93367,0,0
0,6037267404,06037267404,District 3,Los Angeles - West Los Angeles,SPA 5 - West,3826,3117365.174,7231.285046,1144,10,3403,0.002938583603,0.008741258741,2.44,3.96,93333,0,0
0,6037267405,06037267405,District 3,Los Angeles - West Los Angeles,SPA 5 - West,3827,2296740.305,6131.808205,926,52,2838,0.01832276251,0.05615550756,0,0,99692,0,0
0,6037267406,06037267406,District 3,Los Angeles - West Los Angeles,SPA 5 - West,3828,2315701.022,6320.039917,639,0,2180,0,0,0,0,97704,0,0
0,6037267502,06037267502,District 3,Los Angeles - West Los Angeles,SPA 5 - West,3829,4726561.771,8729.490095,1102,32,3217,0.009947155735,0.02903811252,3.46,15.49,84315,0,0
0,6037267503,06037267503,District 3,Los Angeles - West Los Angeles,SPA 5 - West,3830,2126539.041,6123.395473,846,18,2112,0.008522727273,0.02127659574,0,0,131250,0,0
0,6037267504,06037267504,District 3,Los Angeles - West Los Angeles,SPA 5 - West,3831,2703197.729,6798.486556,995,57,3482,0.01636990235,0.05728643216,0,0,111383,0,0
0,6037267600,06037267600,District 3,Los Angeles - West Los Angeles,SPA 5 - West,3832,13667713.11,15004.27221,463,20,2709,0.00738279808,0.04319654428,5.14,56.12,65531,0,0
0,6037267700,06037267700,District 3,Los Angeles - West Los Angeles,SPA 5 - West,3833,8734385.959,12174.94339,1047,52,3834,0.01356285863,0.04966571156,5.75,69.99,118333,0,0
0,6037267800,06037267800,District 3,Los Angeles - Rancho Park,SPA 5 - West,3834,12404027.43,14893.81666,742,45,3034,0.01483190508,0.06064690027,4.98,51.82,89246,0,0
0,6037267901,06037267901,District 3,Los Angeles - Century City,SPA 5 - West,3835,12154628.45,14915.09957,462,12,3293,0.003644093532,0.02597402597,7.37,92.96,111299,0,0
0,6037267902,06037267902,District 3,Los Angeles - Century City,SPA 5 - West,3836,8318198.167,12819.58562,953,25,4002,0.006246876562,0.02623294858,5.78,70.61,126063,0,0
0,6037269000,06037269000,District 3,Los Angeles - Cheviot Hills,SPA 5 - West,3837,24591678.83,28595.84586,1076,11,5492,0.002002913328,0.01022304833,3.86,23.27,146118,0,0
0,6037269100,06037269100,District 3,Los Angeles - Beverlywood,SPA 5 - West,3838,8969469.213,12201.32087,1022,203,4752,0.04271885522,0.198630137,3.67,19.59,115452,0,0
0,6037269500,06037269500,District 3,Los Angeles - Beverlywood,SPA 5 - West,3967,15097437.58,17754.26659,619,21,4262,0.004927264195,0.03392568659,4.02,27.12,204583,0,0
0,6037269601,06037269601,District 3,Los Angeles - Cadillac-Corning,SPA 5 - West,3968,3605287.201,7562.597271,814,135,3122,0.04324151185,0.1658476658,6.92,89.02,61044,0,0
0,6037269602,06037269602,District 3,Los Angeles - Cadillac-Corning,SPA 5 - West,3969,3114965.695,7320.276583,684,6,2964,0.002024291498,0.008771929825,7.34,92.78,54875,0,0
0,6037269700,06037269700,District 3,Los Angeles - Reynier Village,SPA 5 - West,3970,9754783.439,14608.48803,1031,26,4025,0.006459627329,0.02521823472,6.44,82.76,88214,0,0
0,6037269800,06037269800,District 3,Los Angeles - Beverlywood,SPA 5 - West,3971,4851981.453,11975.26718,817,0,3386,0,0,5.93,73.76,96964,0,0
0,6037269903,06037269903,District 3,Los Angeles - Palms,SPA 5 - West,3972,3055382.617,7705.9089,1596,28,3815,0.007339449541,0.01754385965,5.95,74.22,70583,0,0
0,6037269905,06037269905,District 3,Los Angeles - Palms,SPA 5 - West,3973,2470914.906,7675.65245,892,9,2661,0.003382187148,0.0100896861,2.82,7.17,89194,0,0
0,6037269906,06037269906,District 3,Los Angeles - Palms,SPA 5 - West,3974,2228641.223,7454.922561,1146,4,3037,0.001317089233,0.003490401396,4.66,42.8,100682,0,0
0,6037269907,06037269907,District 3,Los Angeles - Palms,SPA 5 - West,3975,2960305.259,7579.40613,906,6,2671,0.002246349682,0.006622516556,5.85,72.08,86821,0,0
0,6037269908,06037269908,District 3,Los Angeles - Palms,SPA 5 - West,3976,1797698.932,6587.591176,660,0,1861,0,0,0,0,71808,0,0
0,6037269909,06037269909,District 3,Los Angeles - Palms,SPA 5 - West,3977,1828606.28,5970.59759,860,13,2243,0.005795809184,0.01511627907,0,0,77074,0,0
0,6037270101,06037270101,District 3,Los Angeles - Palms,SPA 5 - West,3978,4196370.653,11752.12179,607,0,2002,0,0,0,0,83667,0,0
0,6037270102,06037270102,District 3,Los Angeles - Palms,SPA 5 - West,3979,2092525.324,7567.682571,700,0,2186,0,0,0,0,79583,0,0
0,6037270200,06037270200,District 3,Los Angeles - Regent Square,SPA 5 - West,3980,8055280.752,14099.76265,979,24,3487,0.006882707198,0.02451481103,3.8,22.08,68651,0,0
0,6037271100,06037271100,District 3,Los Angeles - Rancho Park,SPA 5 - West,3982,8635387.598,14142.14818,507,68,2569,0.02646944336,0.134122288,3.39,14.38,104821,0,0
0,6037271200,06037271200,District 3,Los Angeles - Mar Vista,SPA 5 - West,3983,5725637.534,13655.43978,512,44,2592,0.01697530864,0.0859375,6.06,76.44,88889,0,0
0,6037271300,06037271300,District 3,Los Angeles - Mar Vista,SPA 5 - West,3984,15813444.84,19320.26651,1222,94,4779,0.0196693869,0.07692307692,3.67,19.59,103911,0,0
0,6037271400,06037271400,District 3,Los Angeles - Mar Vista,SPA 5 - West,3985,12357799.94,14485.36906,577,45,3482,0.01292360712,0.07798960139,5.45,63.32,135590,0,0
0,6037271500,06037271500,District 3,Los Angeles - Mar Vista,SPA 5 - West,3986,9788883.352,13020.2634,559,10,3095,0.003231017771,0.01788908766,3.03,9.64,98452,0,0
0,6037271600,06037271600,District 3,Los Angeles - Mar Vista,SPA 5 - West,3987,9781377.46,12555.05532,1970,185,4826,0.03833402404,0.09390862944,3.94,25.21,95615,0,0
0,6037271702,06037271702,District 3,Los Angeles - Palms,SPA 5 - West,3988,7592156.966,13322.76181,1365,60,4527,0.01325381047,0.04395604396,2.76,6.62,70504,0,0
0,6037271703,06037271703,District 3,Los Angeles - Palms,SPA 5 - West,3989,4857322.573,12232.24298,763,41,3191,0.01284863679,0.05373525557,0,0,99339,0,0
0,6037271704,06037271704,District 3,Los Angeles - Palms,SPA 5 - West,3990,5847606.827,11867.45108,660,19,2878,0.00660180681,0.02878787879,0,0,133270,0,0
0,6037271801,06037271801,District 3,Los Angeles - Palms,SPA 5 - West,3991,5287108.352,9478.417508,1087,30,3666,0.008183306056,0.02759889604,4.98,51.82,54259,0,0
0,6037271803,06037271803,District 3,Los Angeles - Palms,SPA 5 - West,3992,2487168.62,6329.047143,905,33,3039,0.01085883514,0.0364640884,0,0,83226,0,0
0,6037271804,06037271804,District 3,Los Angeles - Palms,SPA 5 - West,3993,3637620.843,9969.112947,662,0,2565,0,0,0,0,71764,0,0
0,6037271901,06037271901,District 3,Los Angeles - Mar Vista,SPA 5 - West,3994,7067853.59,10703.52823,822,16,2861,0.005592450192,0.01946472019,7.35,92.81,96699,0,0
0,6037271902,06037271902,District 3,Los Angeles - Mar Vista,SPA 5 - West,3995,9898373.583,12730.5976,1153,44,4044,0.01088031652,0.0381613183,3.64,19.0,74186,0,0
0,6037272100,06037272100,District 3,Los Angeles - Mar Vista,SPA 5 - West,3996,12914516.27,14801.81808,1151,64,4332,0.01477377655,0.05560382276,3.28,12.59,96806,0,0
0,6037272201,06037272201,District 3,Los Angeles - Mar Vista,SPA 5 - West,3997,2785886.081,6699.030056,428,0,2394,0,0,4.61,41.47,75846,0,0
0,6037272202,06037272202,District 3,Los Angeles - Mar Vista,SPA 5 - West,3998,3307453.459,8738.049693,1044,0,3159,0,0,2.27,3.19,61786,0,0
0,6037272301,06037272301,District 3,Los Angeles - Mar Vista,SPA 5 - West,3999,6629158.594,12451.38945,778,87,3000,0.029,0.1118251928,6.21,79.19,98495,0,0
0,6037272302,06037272302,District 3,Los Angeles - Mar Vista,SPA 5 - West,4000,5447958.462,10544.9361,1170,15,3897,0.003849114704,0.01282051282,3.02,9.51,64408,0,0
0,6037273100,06037273100,District 3,Los Angeles - Venice,SPA 5 - West,4001,12686074.6,15511.84639,739,47,3597,0.01306644426,0.06359945873,6.63,85.46,140987,0,0
0,6037273200,06037273200,District 3,Los Angeles - Venice,SPA 5 - West,4002,6916004.714,11504.13812,1023,55,3596,0.01529477197,0.05376344086,4.84,47.96,100100,0,0
0,6037273300,06037273300,District 3,Los Angeles - Venice,SPA 5 - West,4003,6143477.657,11182.44264,1035,21,3477,0.006039689387,0.02028985507,4.21,31.49,76285,0,0
0,6037269300,06037269300,District 3,Los Angeles - Cheviot Hills,SPA 5 - West,4004,23755281.81,20156.5348,585,28,4096,0.0068359375,0.04786324786,2.75,6.51,193750,0,0
0,6037273403,06037273403,District 3,Los Angeles - Venice,SPA 5 - West,4005,2869621.473,8586.103161,504,0,1564,0,0,0,0,,0,0
0,6037273404,06037273404,District 3,Los Angeles - Venice,SPA 5 - West,4006,2649389.503,7992.827182,368,11,1558,0.007060333761,0.02989130435,0,0,72101,0,0
0,6037273502,06037273502,District 3,Los Angeles - Venice,SPA 5 - West,4007,5716706.652,10126.25233,869,0,2680,0,0,3.85,23.06,91396,0,0
0,6037273600,06037273600,District 3,Los Angeles - Venice,SPA 5 - West,4008,6348192.077,10763.6352,567,11,2189,0.005025125628,0.01940035273,3.52,16.63,135204,0,0
0,6037273700,06037273700,District 3,Los Angeles - Venice,SPA 5 - West,4009,7435177.848,11006.16878,861,51,2748,0.01855895197,0.05923344948,2.58,5.12,111036,0,0
0,6037273800,06037273800,District 3,Los Angeles - Venice,SPA 5 - West,4010,8023533.623,16413.49336,925,62,2933,0.02113876577,0.06702702703,2.99,9.08,83821,0,0
0,6037276000,06037276000,District 2,Los Angeles - Westchester,SPA 5 - West,4045,25266210.1,22460.21379,1731,15,6674,0.00224752772,0.008665511265,4.35,34.77,140446,0,0
0,6037273902,06037273902,District 3,Los Angeles - Venice,SPA 5 - West,4143,9576339.776,13366.1325,816,0,4278,0,0,5.17,56.88,138750,0,0
0,6037274100,06037274100,District 2,Los Angeles - Venice,SPA 5 - West,4144,6710901.958,14042.09869,900,0,4824,0,0,4.03,27.29,128125,0,0
0,6037274202,06037274202,District 2,Los Angeles - Marina Peninsula,SPA 5 - West,4145,10042123.13,16499.65565,799,48,4903,0.009789924536,0.06007509387,4.96,51.31,155366,305,0.070471349
0,6037275101,06037275101,District 2,Los Angeles - Del Rey,SPA 5 - West,4146,3633314.11,9774.928491,187,10,1186,0.008431703204,0.05347593583,6.25,79.73,108750,0,0
0,6037275102,06037275102,District 2,Los Angeles - Del Rey,SPA 5 - West,4147,6837186.461,11952.48387,1053,86,3816,0.02253668763,0.081671415,5.03,53.16,70872,0,0
0,6037275200,06037275200,District 2,Los Angeles - Del Rey,SPA 5 - West,4148,4985019.028,10518.58275,1038,12,3850,0.003116883117,0.01156069364,6.03,75.76,70689,0,0
0,6037275311,06037275311,District 2,Los Angeles - Del Rey,SPA 5 - West,4149,13882947.7,17011.1005,1012,75,4955,0.01513622603,0.07411067194,2.56,5.03,84337,0,0
0,6037275312,06037275312,District 2,Los Angeles - Del Rey,SPA 5 - West,4150,8815611.148,14279.50457,739,63,2201,0.02862335302,0.08525033829,0,0,100667,0,0
0,6037275313,06037275313,District 2,Los Angeles - Del Rey,SPA 5 - West,4151,10505094.61,15860.02897,643,19,3321,0.005721168323,0.02954898911,0,0,82862,0,0
0,6037275400,06037275400,District 2,Los Angeles - Del Rey,SPA 5 - West,4152,8095239.055,13033.99558,1282,65,4625,0.01405405405,0.05070202808,4.55,39.89,137639,0,0
0,6037275500,06037275500,District 2,Los Angeles - Del Rey,SPA 5 - West,4153,8448458.588,11616.75128,1167,19,5307,0.003580177125,0.01628106255,3.24,11.95,43393,0,0
0,6037275603,06037275603,District 2,Los Angeles - Playa Vista,SPA 5 - West,4154,11017801.67,16764.59073,701,4,2731,0.001464664958,0.005706134094,3.66,19.34,90000,0,0
0,6037275604,06037275604,District 2,Los Angeles - Playa Vista,SPA 5 - West,4155,16679064,25351.30796,2898,198,10520,0.01882129278,0.06832298137,0,0,173569,0,0
0,6037275605,06037275605,District 2,Los Angeles - Playa Vista,SPA 5 - West,4156,11233416.46,17377.22284,780,23,3581,0.006422786931,0.02948717949,0,0,95192,0,0
0,6037276101,06037276101,District 2,Los Angeles - Westchester,SPA 5 - West,4157,3546770.922,10389.58355,1303,33,3787,0.008714021653,0.02532617038,0,0,91770,0,0
0,6037276102,06037276102,District 2,Los Angeles - Westchester,SPA 5 - West,4158,7033821.765,20268.91765,825,38,3310,0.01148036254,0.04606060606,0,0,48905,0,0
0,6037276400,06037276400,District 2,Los Angeles - Westchester,SPA 5 - West,4159,13719925.2,16195.9133,862,58,4099,0.01414979263,0.06728538283,4.84,47.96,175625,0,0
0,6037276500,06037276500,District 2,Los Angeles - Westchester,SPA 5 - West,4160,12850240.88,15352.74519,2310,40,4982,0.008028904055,0.01731601732,2.59,5.17,101071,0,0
0,6037276601,06037276601,District 2,Los Angeles - Westchester,SPA 5 - West,4161,24148517.66,23190.2286,949,10,4058,0.002464268112,0.0105374078,2.9,8.07,131905,762,0.198540907
0,6037276605,06037276605,District 2,Los Angeles - Westchester,SPA 5 - West,4162,2509882.214,7961.153762,463,23,2093,0.01098901099,0.04967602592,0,0,79750,1152,0.419366582
0,6037276606,06037276606,District 2,Los Angeles - Westchester,SPA 5 - West,4163,2360108.007,7249.355994,896,17,3353,0.00507008649,0.01897321429,0,0,77143,1051,0.419560878
0,6037276607,06037276607,District 2,Los Angeles - Westchester,SPA 5 - West,4164,5038397.596,11123.21889,1045,40,2974,0.01344989913,0.03827751196,0,0,87273,0,0
0,6037276608,06037276608,District 2,Los Angeles - Westchester,SPA 5 - West,4165,3821364.407,8504.297988,495,0,2106,0,0,0,0,98000,0,0
0,6037277000,06037277000,District 2,Los Angeles - Westchester,SPA 5 - West,4166,24690966.81,21806.32643,1225,77,5637,0.01365974809,0.06285714286,3.53,16.77,140985,0,0
0,6037277100,06037277100,District 2,Los Angeles - Westchester,SPA 5 - West,4167,13342441.11,15079.62518,779,43,3017,0.01425256878,0.05519897304,5.19,57.39,154063,330,0.110073382
0,6037277200,06037277200,District 2,Los Angeles - Westchester,SPA 5 - West,4168,11329446.29,15060.50753,467,23,1969,0.01168105637,0.04925053533,7.54,94.14,50109,38,0.015261044
0,6037277400,06037277400,District 2,Los Angeles - Westchester,SPA 5 - West,4169,6827588.645,10436.44065,0,0,3,0,,10.0,99.51,34318,647,0.422048271
0,6037278001,06037278001,District 2,Los Angeles - Westchester,SPA 5 - West,4170,17423890.38,25039.05785,496,8,2687,0.002977298102,0.01612903226,3.85,23.06,111274,0,0
0,6037278102,06037278102,District 2,Los Angeles - Playa Del Rey,SPA 5 - West,4171,16249113.28,24720.60778,580,10,2958,0.00338066261,0.01724137931,4.35,34.77,153654,2908,0.920835972
0,6037980017,06037980017,District 3,Unincorporated - West LA,SPA 5 - West,4435,25671852.07,29447.04745,220,101,1192,0.08473154362,0.4590909091,0,0,45250,0,0
0,6037980019,06037980019,District 3,Los Angeles - Palisades Highlands,SPA 5 - West,4437,476424607.7,149651.6512,18,0,128,0,0,0,0,250001,73,0.296747967
0,6037980028,06037980028,District 2,Los Angeles - Westchester,SPA 5 - West,4573,181871105.8,80476.27092,0,0,11,0,,0,0,,,
0,6037980038,06037980038,District 2,Unincorporated - Ladera Heights,SPA 5 - West,4581,48526563.49,42566.84017,0,0,4,0,,0,0,,,